npm warn Unknown project config "shamefully-hoist". This will stop working in the next major version of npm.
npm warn Unknown project config "strict-peer-dependencies". This will stop working in the next major version of npm.
npm warn Unknown project config "electron_mirror". This will stop working in the next major version of npm.
npm warn Unknown project config "electron_builder_binaries_mirror". This will stop working in the next major version of npm.
build/vite/plugin/pwa.ts(15,5): error TS2322: Type '"manual"' is not assignable to type '"prompt" | "autoUpdate" | undefined'.
build/vite/plugin/theme-plugin/preprocessor/less/index.ts(29,4): error TS2503: Cannot find namespace 'Less'.
build/vite/plugin/theme.ts(68,31): error TS2554: Expected 0 arguments, but got 1.
mock/sys/menu.ts(239,16): error TS2352: Conversion of type '{ url: string; timeout: number; method: "get"; response: (request: requestParams) => { code: number; result: null; message: string; type: string; } | { code: number; result: Object[]; message: string; type: string; }; }[]' to type 'MockMethod[]' may be a mistake because neither type sufficiently overlaps with the other. If this was intentional, convert the expression to 'unknown' first.
  Type '{ url: string; timeout: number; method: "get"; response: (request: requestParams) => { code: number; result: null; message: string; type: string; } | { code: number; result: Object[]; message: string; type: string; }; }' is not comparable to type 'MockMethod'.
    Types of property 'response' are incompatible.
      Type '(request: requestParams) => { code: number; result: null; message: string; type: string; } | { code: number; result: Object[]; message: string; type: string; }' is not comparable to type '(this: RespThisType, opt: { url: Recordable<any>; body: Recordable<any>; query: Recordable<any>; headers: Recordable<any>; }) => any'.
        Types of parameters 'request' and 'opt' are incompatible.
          Property 'method' is missing in type '{ url: Recordable<any>; body: Recordable<any>; query: Recordable<any>; headers: Recordable<any>; }' but required in type 'requestParams'.
mock/sys/menu.ts(257,11): error TS2322: Type 'string' is not assignable to type 'PageEnum'.
mock/sys/menu.ts(261,11): error TS2322: Type 'string' is not assignable to type 'PageEnum'.
src/api/sys/upload.ts(15,7): error TS2322: Type '(progressEvent: ProgressEvent<EventTarget>) => void' is not assignable to type '(progressEvent: AxiosProgressEvent) => void'.
  Types of parameters 'progressEvent' and 'progressEvent' are incompatible.
    Type 'AxiosProgressEvent' is missing the following properties from type 'ProgressEvent<EventTarget>': target, bubbles, cancelBubble, cancelable, and 18 more.
src/api/sys/upload.ts(27,7): error TS2322: Type '(progressEvent: ProgressEvent<EventTarget>) => void' is not assignable to type '(progressEvent: AxiosProgressEvent) => void'.
  Types of parameters 'progressEvent' and 'progressEvent' are incompatible.
    Type 'AxiosProgressEvent' is missing the following properties from type 'ProgressEvent<EventTarget>': target, bubbles, cancelBubble, cancelable, and 18 more.
src/components/Application/src/search/useMenuSearch.ts(73,59): error TS2339: Property 'internalOrExternal' does not exist on type 'Menu'.
src/components/Button/src/BasicButton.vue(2,4): error TS2345: Argument of type '{ class: { [x: string]: boolean; "is-disabled": boolean; }[]; loading: boolean; disabled: boolean; onClick: (...args: any[]) => any; iconSize: number; isUpload: boolean; type?: string | undefined; color?: string | undefined; preIcon?: string | undefined; postIcon?: string | undefined; }' is not assignable to parameter of type 'Partial<{ block: boolean; disabled: boolean; danger: boolean; ghost: boolean; htmlType: ButtonHTMLType; loading: boolean | { delay?: number | undefined; }; }> & Omit<...> & Record<...>'.
  Type '{ class: { [x: string]: boolean; "is-disabled": boolean; }[]; loading: boolean; disabled: boolean; onClick: (...args: any[]) => any; iconSize: number; isUpload: boolean; type?: string | undefined; color?: string | undefined; preIcon?: string | undefined; postIcon?: string | undefined; }' is not assignable to type 'Omit<{ readonly htmlType: ButtonHTMLType; readonly loading: boolean | { delay?: number | undefined; }; readonly title?: string | undefined; readonly type?: ButtonType | undefined; ... 11 more ...; readonly onMousedown?: MouseEventHandler | ... 1 more ... | undefined; } & VNodeProps & AllowedComponentProps & Componen...'.
    Types of property 'type' are incompatible.
      Type 'string | undefined' is not assignable to type 'ButtonType | undefined'.
        Type 'string' is not assignable to type 'ButtonType | undefined'.
src/components/Button/src/JUploadButton.vue(3,14): error TS2322: Type 'string | undefined' is not assignable to type 'ButtonType | undefined'.
  Type 'string' is not assignable to type 'ButtonType | undefined'.
src/components/CardList/src/CardList.vue(6,19): error TS2339: Property 'width' does not exist on type '{ min: number; max: number; marks: {}; step: number; }'.
src/components/chart/BarAndLine.vue(80,25): error TS2571: Object is of type 'unknown'.
src/components/chart/BarAndLine.vue(84,27): error TS2345: Argument of type '{ name: any; }' is not assignable to parameter of type 'never'.
src/components/chart/BarMulti.vue(89,25): error TS2571: Object is of type 'unknown'.
src/components/chart/BarMulti.vue(89,25): error TS2345: Argument of type 'any' is not assignable to parameter of type 'never'.
src/components/chart/BarMulti.vue(91,25): error TS2345: Argument of type 'null' is not assignable to parameter of type 'never'.
src/components/chart/BarMulti.vue(99,27): error TS2339: Property 'color' does not exist on type '{}'.
src/components/chart/BarMulti.vue(100,39): error TS2339: Property 'color' does not exist on type '{}'.
src/components/chart/BarMulti.vue(103,27): error TS2345: Argument of type 'any' is not assignable to parameter of type 'never'.
src/components/chart/Gauge.vue(99,57): error TS2339: Property 'name' does not exist on type 'Object'.
src/components/chart/Gauge.vue(100,58): error TS2551: Property 'value' does not exist on type 'Object'. Did you mean 'valueOf'?
src/components/chart/LineMulti.vue(90,25): error TS2571: Object is of type 'unknown'.
src/components/chart/LineMulti.vue(90,25): error TS2345: Argument of type 'any' is not assignable to parameter of type 'never'.
src/components/chart/LineMulti.vue(92,25): error TS2345: Argument of type 'null' is not assignable to parameter of type 'never'.
src/components/chart/LineMulti.vue(97,27): error TS2345: Argument of type 'any' is not assignable to parameter of type 'never'.
src/components/chart/Radar.vue(81,21): error TS2345: Argument of type '{ name: any; }' is not assignable to parameter of type 'never'.
src/components/chart/StackBar.vue(97,27): error TS2345: Argument of type '{ name: any; type: string; stack: string; }' is not assignable to parameter of type 'never'.
src/components/Cropper/src/CropperAvatar.vue(32,54): error TS2842: 'Blob' is an unused renaming of 'file'. Did you intend to use it as a type annotation?
src/components/Cropper/src/CropperAvatar.vue(32,66): error TS2842: 'string' is an unused renaming of 'name'. Did you intend to use it as a type annotation?
src/components/Drawer/src/BasicDrawer.vue(2,4): error TS2345: Argument of type '{ isDetail?: boolean; loading?: boolean; showDetailBack?: boolean; visible?: boolean; open?: boolean; scrollOptions?: ScrollContainerOptions; ... 31 more ...; footerHeight: string | number; }' is not assignable to parameter of type 'Partial<{ mask: boolean; open: boolean; visible: boolean; autofocus: boolean; getContainer: string | false | HTMLElement | getContainerFunc; forceRender: boolean; ... 10 more ...; footerStyle: CSSProperties; }> & Omit<...> & Record<...>'.
  Type '{ isDetail?: boolean; loading?: boolean; showDetailBack?: boolean; visible?: boolean; open?: boolean; scrollOptions?: ScrollContainerOptions; ... 31 more ...; footerHeight: string | number; }' is not assignable to type 'Partial<{ mask: boolean; open: boolean; visible: boolean; autofocus: boolean; getContainer: string | false | HTMLElement | getContainerFunc; forceRender: boolean; ... 10 more ...; footerStyle: CSSProperties; }>'.
    Types of property 'getContainer' are incompatible.
      Type '(() => string | HTMLElement) | undefined' is not assignable to type 'string | false | HTMLElement | getContainerFunc | undefined'.
        Type '() => string | HTMLElement' is not assignable to type 'string | false | HTMLElement | getContainerFunc | undefined'.
          Type '() => string | HTMLElement' is not assignable to type 'getContainerFunc'.
            Type 'string | HTMLElement' is not assignable to type 'HTMLElement'.
              Type 'string' is not assignable to type 'HTMLElement'.
src/components/Form/src/BasicForm.vue(93,26): error TS2589: Type instantiation is excessively deep and possibly infinite.
src/components/Form/src/BasicForm.vue(93,26): error TS2352: Conversion of type '{ layout: string; model: Recordable<any>; labelWidth: string | number; labelAlign: string; rowProps: Partial<ExtractPropTypes<{ align: { type: PropType<"middle" | "top" | "bottom" | "stretch" | ResponsiveAligns>; default: "middle" | ... 3 more ... | ResponsiveAligns; }; justify: { ...; }; prefixCls: StringConstructo...' to type 'FormProps' may be a mistake because neither type sufficiently overlaps with the other. If this was intentional, convert the expression to 'unknown' first.
  Type '{ layout: string; model: Recordable; labelWidth: number | string; labelAlign: string; rowProps: Partial<ExtractPropTypes<{ align: { type: PropType<"middle" | "top" | "bottom" | "stretch" | ResponsiveAligns>; default: "top" | "bottom" | "stretch" | "middle" | ResponsiveAligns; }; justify: { type: PropType<...>; defau...' is not comparable to type 'FormProps'.
    Types of property 'fieldMapToNumber' are incompatible.
      Type 'FieldMapToTime' is not comparable to type '[string, [string, string]][]'.
        Type '[string, [string, string], (string | undefined)?]' is not comparable to type '[string, [string, string]]'.
          Target allows only 2 element(s) but source may have more.
src/components/Form/src/BasicForm.vue(148,45): error TS2339: Property 'valueFormat' does not exist on type 'Record<any, any> | ((opt: { schema: FormSchema; tableAction: TableActionType; formActionType: FormActionType; formModel: Recordable<any>; }) => Recordable<...>)'.
  Property 'valueFormat' does not exist on type '(opt: { schema: FormSchema; tableAction: TableActionType; formActionType: FormActionType; formModel: Recordable<any>; }) => Recordable<...>'.
src/components/Form/src/BasicForm.vue(175,28): error TS2345: Argument of type 'string' is not assignable to parameter of type 'Dayjs'.
src/components/Form/src/BasicForm.vue(319,13): error TS2322: Type 'TableActionType | undefined' is not assignable to type 'TableActionType'.
  Type 'undefined' is not assignable to type 'TableActionType'.
src/components/Form/src/BasicForm.vue(320,13): error TS2322: Type 'Partial<FormActionType>' is not assignable to type 'FormActionType'.
  Types of property 'submit' are incompatible.
    Type '(() => Promise<void>) | undefined' is not assignable to type '() => Promise<void>'.
      Type 'undefined' is not assignable to type '() => Promise<void>'.
src/components/Form/src/BasicForm.vue(329,9): error TS2322: Type '(values: Recordable<any>) => Promise<void>' is not assignable to type '<T>(values: T) => Promise<void>'.
  Types of parameters 'values' and 'values' are incompatible.
    Type 'T' is not assignable to type 'Recordable<any>'.
src/components/Form/src/componentMap.ts(86,18): error TS2345: Argument of type '"JMaterialSelect"' is not assignable to parameter of type 'ComponentType'.
src/components/Form/src/components/ApiSelect.vue(196,54): error TS2339: Property 'mode' does not exist on type '{}'.
src/components/Form/src/components/ApiSelect.vue(204,56): error TS2339: Property 'mode' does not exist on type '{}'.
src/components/Form/src/components/FormAction.vue(44,7): error TS2464: A computed property name must be of type 'string', 'number', 'symbol', or 'any'.
src/components/Form/src/components/FormItem.vue(6,17): error TS2614: Module '"ant-design-vue/lib/form/Form"' has no exported member 'ValidationRule'. Did you mean to use 'import ValidationRule from "ant-design-vue/lib/form/Form"' instead?
src/components/Form/src/components/FormItem.vue(312,71): error TS2339: Property 'trim' does not exist on type 'object | ((opt: { schema: FormSchema; tableAction: TableActionType; formActionType: FormActionType; formModel: Recordable<any>; }) => Recordable<...>)'.
  Property 'trim' does not exist on type 'object'.
src/components/Form/src/helper.ts(1,15): error TS2614: Module '"ant-design-vue/lib/form/Form"' has no exported member 'ValidationRule'. Did you mean to use 'import ValidationRule from "ant-design-vue/lib/form/Form"' instead?
src/components/Form/src/helper.ts(55,45): error TS2769: No overload matches this call.
  Overload 1 of 3, '(date?: string | number | Date | Dayjs | null | undefined): Dayjs', gave the following error.
    Argument of type 'Record<any, any>' is not assignable to parameter of type 'string | number | Date | Dayjs | null | undefined'.
  Overload 2 of 3, '(date?: string | number | Date | Dayjs | null | undefined, format?: OptionType | undefined, strict?: boolean | undefined): Dayjs', gave the following error.
    Argument of type 'Record<any, any>' is not assignable to parameter of type 'string | number | Date | Dayjs | null | undefined'.
  Overload 3 of 3, '(date?: string | number | Date | Dayjs | null | undefined, format?: OptionType | undefined, locale?: string | undefined, strict?: boolean | undefined): Dayjs', gave the following error.
    Argument of type 'Record<any, any>' is not assignable to parameter of type 'string | number | Date | Dayjs | null | undefined'.
src/components/Form/src/hooks/useForm.ts(49,9): error TS2739: Type '{ scrollToField: (name: NamePath, options?: ScrollOptions | undefined) => Promise<void>; setProps: (formProps: Partial<FormProps>) => Promise<...>; ... 10 more ...; validateFields: (nameList?: NamePath[] | undefined, options?: ValidateOptions | undefined) => Promise<...>; }' is missing the following properties from type 'FormActionType': getProps, getSchemaByField, getSchemaComponentProps
src/components/Form/src/hooks/useLabelWidth.ts(10,13): error TS2339: Property 'labelCol' does not exist on type 'Partial<FormItem> | ((renderCallbackParams: RenderCallbackParams) => Partial<FormItem>)'.
src/components/Form/src/hooks/useLabelWidth.ts(10,28): error TS2339: Property 'wrapperCol' does not exist on type 'Partial<FormItem> | ((renderCallbackParams: RenderCallbackParams) => Partial<FormItem>)'.
src/components/Form/src/jeecg/components/base/JSelectBiz.vue(87,26): error TS2339: Property 'refs' does not exist on type '{ attrs: Data; slots: Readonly<InternalSlots>; emit: (event: "change" | "handleOpen", ...args: any[]) => void; expose: <Exposed extends Record<string, any> = Record<string, any>>(exposed?: Exposed | undefined) => void; }'.
src/components/Form/src/jeecg/components/base/JSelectBiz.vue(161,26): error TS2339: Property 'value' does not exist on type '{}'.
src/components/Form/src/jeecg/components/base/JSelectBiz.vue(162,38): error TS2339: Property 'value' does not exist on type '{}'.
src/components/Form/src/jeecg/components/base/JSelectBiz.vue(171,85): error TS2339: Property 'value' does not exist on type '{}'.
src/components/Form/src/jeecg/components/base/JSelectBiz.vue(172,38): error TS2339: Property 'value' does not exist on type '{}'.
src/components/Form/src/jeecg/components/base/JTreeBiz.vue(7,39): error TS2339: Property 'value' does not exist on type '{}'.
src/components/Form/src/jeecg/components/base/JTreeBiz.vue(39,26): error TS2339: Property 'refs' does not exist on type '{ attrs: Data; slots: Readonly<InternalSlots>; emit: (event: "btnOk", ...args: any[]) => void; expose: <Exposed extends Record<string, any> = Record<string, any>>(exposed?: Exposed | undefined) => void; }'.
src/components/Form/src/jeecg/components/base/JTreeBiz.vue(57,22): error TS2339: Property 'value' does not exist on type '{}'.
src/components/Form/src/jeecg/components/base/JTreeBiz.vue(58,22): error TS2339: Property 'change' does not exist on type '{}'.
src/components/Form/src/jeecg/components/JAreaSelect.vue(51,26): error TS2339: Property 'refs' does not exist on type '{ attrs: Data; slots: Readonly<InternalSlots>; emit: (event: "change" | "update:value" | "update:area" | "update:city" | "update:province", ...args: any[]) => void; expose: <Exposed extends Record<string, any> = Record<...>>(exposed?: Exposed | undefined) => void; }'.
src/components/Form/src/jeecg/components/JCategorySelect.vue(76,26): error TS2339: Property 'refs' does not exist on type '{ attrs: Data; slots: Readonly<InternalSlots>; emit: (event: "change" | "update:value" | "options-change", ...args: any[]) => void; expose: <Exposed extends Record<string, any> = Record<...>>(exposed?: Exposed | undefined) => void; }'.
src/components/Form/src/jeecg/components/JCategorySelect.vue(131,26): error TS18049: 'props.value' is possibly 'null' or 'undefined'.
src/components/Form/src/jeecg/components/JCategorySelect.vue(131,38): error TS2339: Property 'split' does not exist on type 'string | unknown[]'.
  Property 'split' does not exist on type 'unknown[]'.
src/components/Form/src/jeecg/components/JCategorySelect.vue(215,25): error TS2345: Argument of type 'any' is not assignable to parameter of type 'never'.
src/components/Form/src/jeecg/components/JCategorySelect.vue(238,13): error TS2794: Expected 1 arguments, but got 0. Did you forget to include 'void' in your type argument to 'Promise'?
src/components/Form/src/jeecg/components/JCategorySelect.vue(243,17): error TS2794: Expected 1 arguments, but got 0. Did you forget to include 'void' in your type argument to 'Promise'?
src/components/Form/src/jeecg/components/JCodeEditor.vue(52,38): error TS5097: An import path can only end with a '.ts' extension when 'allowImportingTsExtensions' is enabled.
src/components/Form/src/jeecg/components/JCodeEditor.vue(84,65): error TS2345: Argument of type 'Ref<object | undefined, object | undefined>' is not assignable to parameter of type 'Ref<any[] | undefined, any[] | undefined>'.
  Type 'object | undefined' is not assignable to type 'any[] | undefined'.
    Type '{}' is missing the following properties from type 'any[]': length, pop, push, concat, and 35 more.
src/components/Form/src/jeecg/components/JDictSelectTag.vue(96,26): error TS2339: Property 'refs' does not exist on type '{ attrs: Data; slots: Readonly<InternalSlots>; emit: (event: "change" | "update:value" | "options-change", ...args: any[]) => void; expose: <Exposed extends Record<string, any> = Record<...>>(exposed?: Exposed | undefined) => void; }'.
src/components/Form/src/jeecg/components/JEasyCron/tabs/DayUI.vue(68,23): error TS2339: Property 'week' does not exist on type 'LooseRequired<Readonly<{}> & Readonly<{ [x: `on${Capitalize<string>}`]: ((...args: any[]) => any) | undefined; }> & {}>'.
src/components/Form/src/jeecg/components/JEasyCron/tabs/DayUI.vue(68,37): error TS2339: Property 'week' does not exist on type 'LooseRequired<Readonly<{}> & Readonly<{ [x: `on${Capitalize<string>}`]: ((...args: any[]) => any) | undefined; }> & {}>'.
src/components/Form/src/jeecg/components/JEasyCron/tabs/DayUI.vue(68,60): error TS2339: Property 'disabled' does not exist on type 'LooseRequired<Readonly<{}> & Readonly<{ [x: `on${Capitalize<string>}`]: ((...args: any[]) => any) | undefined; }> & {}>'.
src/components/Form/src/jeecg/components/JEasyCron/tabs/DayUI.vue(80,63): error TS2339: Property 'disabled' does not exist on type 'LooseRequired<Readonly<{}> & Readonly<{ [x: `on${Capitalize<string>}`]: ((...args: any[]) => any) | undefined; }> & {}>'.
src/components/Form/src/jeecg/components/JEasyCron/tabs/DayUI.vue(85,21): error TS2339: Property 'week' does not exist on type 'LooseRequired<Readonly<{}> & Readonly<{ [x: `on${Capitalize<string>}`]: ((...args: any[]) => any) | undefined; }> & {}>'.
src/components/Form/src/jeecg/components/JEasyCron/tabs/WeekUI.vue(74,23): error TS2339: Property 'day' does not exist on type 'LooseRequired<Readonly<{}> & Readonly<{ [x: `on${Capitalize<string>}`]: ((...args: any[]) => any) | undefined; }> & {}>'.
src/components/Form/src/jeecg/components/JEasyCron/tabs/WeekUI.vue(74,36): error TS2339: Property 'day' does not exist on type 'LooseRequired<Readonly<{}> & Readonly<{ [x: `on${Capitalize<string>}`]: ((...args: any[]) => any) | undefined; }> & {}>'.
src/components/Form/src/jeecg/components/JEasyCron/tabs/WeekUI.vue(74,58): error TS2339: Property 'disabled' does not exist on type 'LooseRequired<Readonly<{}> & Readonly<{ [x: `on${Capitalize<string>}`]: ((...args: any[]) => any) | undefined; }> & {}>'.
src/components/Form/src/jeecg/components/JEasyCron/tabs/WeekUI.vue(109,21): error TS2339: Property 'day' does not exist on type 'LooseRequired<Readonly<{}> & Readonly<{ [x: `on${Capitalize<string>}`]: ((...args: any[]) => any) | undefined; }> & {}>'.
src/components/Form/src/jeecg/components/JEllipsis.vue(19,32): error TS2339: Property 'length' does not exist on type 'string | number | unknown[]'.
  Property 'length' does not exist on type 'number'.
src/components/Form/src/jeecg/components/JEllipsis.vue(19,68): error TS2339: Property 'slice' does not exist on type 'string | number | unknown[]'.
  Property 'slice' does not exist on type 'number'.
src/components/Form/src/jeecg/components/JImageUpload.vue(93,26): error TS2339: Property 'refs' does not exist on type '{ attrs: Data; slots: Readonly<InternalSlots>; emit: (event: "change" | "update:value" | "options-change", ...args: any[]) => void; expose: <Exposed extends Record<string, any> = Record<...>>(exposed?: Exposed | undefined) => void; }'.
src/components/Form/src/jeecg/components/JImageUpload.vue(160,22): error TS2345: Argument of type '{ uid: string; name: any; status: string; url: any; response: { status: string; message: any; }; }' is not assignable to parameter of type 'never'.
src/components/Form/src/jeecg/components/JImageUpload.vue(207,29): error TS2345: Argument of type 'any' is not assignable to parameter of type 'never'.
src/components/Form/src/jeecg/components/JImageUpload.vue(244,28): error TS2339: Property 'length' does not exist on type 'Ref<any, any>'.
src/components/Form/src/jeecg/components/JImageUpload.vue(246,44): error TS2345: Argument of type 'null' is not assignable to parameter of type 'string | undefined'.
src/components/Form/src/jeecg/components/JImportModal.vue(59,26): error TS2339: Property 'refs' does not exist on type '{ attrs: Data; slots: Readonly<InternalSlots>; emit: (event: "ok" | "register", ...args: any[]) => void; expose: <Exposed extends Record<string, any> = Record<string, any>>(exposed?: Exposed | undefined) => void; }'.
src/components/Form/src/jeecg/components/JImportModal.vue(124,45): error TS2769: No overload matches this call.
  Overload 1 of 3, '(name: string, value: string | Blob): void', gave the following error.
    Argument of type 'number' is not assignable to parameter of type 'string | Blob'.
  Overload 2 of 3, '(name: string, value: string): void', gave the following error.
    Argument of type 'number' is not assignable to parameter of type 'string'.
  Overload 3 of 3, '(name: string, blobValue: Blob, filename?: string | undefined): void', gave the following error.
    Argument of type 'number' is not assignable to parameter of type 'Blob'.
src/components/Form/src/jeecg/components/JInput.vue(9,34): error TS5097: An import path can only end with a '.ts' extension when 'allowImportingTsExtensions' is enabled.
src/components/Form/src/jeecg/components/JLinkTableCard/components/LinkTableListModal.vue(27,106): error TS2554: Expected 4 arguments, but got 1.
src/components/Form/src/jeecg/components/JLinkTableCard/components/LinkTableListModal.vue(189,11): error TS2322: Type 'Ref<{ dataIndex?: string | undefined; title?: string | undefined; key?: string | undefined; fieldType?: string | undefined; width?: string | number | undefined; align?: string | undefined; ... 15 more ...; resizable?: boolean | undefined; }[], OnlineColumn[] | { ...; }[]>' is not assignable to type 'BasicColumn[] | ComputedRef<BasicColumn[]> | Ref<BasicColumn[], BasicColumn[]> | undefined'.
  Type 'Ref<{ dataIndex?: string | undefined; title?: string | undefined; key?: string | undefined; fieldType?: string | undefined; width?: string | number | undefined; align?: string | undefined; ... 15 more ...; resizable?: boolean | undefined; }[], OnlineColumn[] | { ...; }[]>' is not assignable to type 'Ref<BasicColumn[], BasicColumn[]>'.
    Type '{ dataIndex?: string | undefined; title?: string | undefined; key?: string | undefined; fieldType?: string | undefined; width?: string | number | undefined; align?: string | undefined; ... 15 more ...; resizable?: boolean | undefined; }[]' is not assignable to type 'BasicColumn[]'.
      Type '{ dataIndex?: string | undefined; title?: string | undefined; key?: string | undefined; fieldType?: string | undefined; width?: string | number | undefined; align?: string | undefined; ... 15 more ...; resizable?: boolean | undefined; }' is not assignable to type 'BasicColumn'.
        Types of property 'title' are incompatible.
          Type 'string | undefined' is not assignable to type 'string | Fn<any, any>'.
            Type 'undefined' is not assignable to type 'string | Fn<any, any>'.
src/components/Form/src/jeecg/components/JPopup.vue(67,26): error TS2339: Property 'refs' does not exist on type '{ attrs: Data; slots: Readonly<InternalSlots>; emit: (event: "focus" | "register" | "update:value" | "popUpChange", ...args: any[]) => void; expose: <Exposed extends Record<string, any> = Record<...>>(exposed?: Exposed | undefined) => void; }'.
src/components/Form/src/jeecg/components/JPopup.vue(79,87): error TS2571: Object is of type 'unknown'.
src/components/Form/src/jeecg/components/JPopup.vue(79,115): error TS2571: Object is of type 'unknown'.
src/components/Form/src/jeecg/components/JPopup.vue(106,16): error TS2339: Property 'value' does not exist on type '{} | Ref<Recordable<any>, Recordable<any>>'.
  Property 'value' does not exist on type '{}'.
src/components/Form/src/jeecg/components/JPopup.vue(124,18): error TS2483: The left-hand side of a 'for...of' statement cannot use a type annotation.
src/components/Form/src/jeecg/components/JPopup.vue(125,48): error TS18046: 'item' is of type 'unknown'.
src/components/Form/src/jeecg/components/JPopup.vue(128,11): error TS18046: 'item' is of type 'unknown'.
src/components/Form/src/jeecg/components/JPopup.vue(134,17): error TS18046: 'item' is of type 'unknown'.
src/components/Form/src/jeecg/components/JPopup.vue(135,52): error TS18046: 'item' is of type 'unknown'.
src/components/Form/src/jeecg/components/JPopup.vue(137,27): error TS2345: Argument of type 'any' is not assignable to parameter of type 'never'.
src/components/Form/src/jeecg/components/JPopup.vue(139,27): error TS2345: Argument of type 'any' is not assignable to parameter of type 'never'.
src/components/Form/src/jeecg/components/JPopupDict.vue(87,16): error TS2339: Property 'value' does not exist on type '{} | Ref<Recordable<any>, Recordable<any>>'.
  Property 'value' does not exist on type '{}'.
src/components/Form/src/jeecg/components/JPopupDict.vue(102,36): error TS2339: Property 'defaultValue' does not exist on type 'LooseRequired<Readonly<ExtractPropTypes<{ dictCode: VueTypeValidableDef<string, ValidatorFunction<string>> & { default: string; } & { default: string; }; value: VueTypeValidableDef<string, ValidatorFunction<...>> & { ...; } & { ...; }; ... 6 more ...; showAdvancedButton: VueTypeValidableDef<...> & { ...; }; }>> & Re...'.
src/components/Form/src/jeecg/components/JPopupDict.vue(153,76): error TS2339: Property 'defaultValue' does not exist on type 'LooseRequired<Readonly<ExtractPropTypes<{ dictCode: VueTypeValidableDef<string, ValidatorFunction<string>> & { default: string; } & { default: string; }; value: VueTypeValidableDef<string, ValidatorFunction<...>> & { ...; } & { ...; }; ... 6 more ...; showAdvancedButton: VueTypeValidableDef<...> & { ...; }; }>> & Re...'.
src/components/Form/src/jeecg/components/JSearchSelect.vue(102,26): error TS2339: Property 'refs' does not exist on type '{ attrs: Data; slots: Readonly<InternalSlots>; emit: (event: "change" | "update:value", ...args: any[]) => void; expose: <Exposed extends Record<string, any> = Record<string, any>>(exposed?: Exposed | undefined) => void; }'.
src/components/Form/src/jeecg/components/JSearchSelect.vue(218,58): error TS2339: Property 'key' does not exist on type 'Ref<any, any>'.
src/components/Form/src/jeecg/components/JSearchSelect.vue(218,84): error TS2339: Property 'key' does not exist on type 'Ref<any, any>'.
src/components/Form/src/jeecg/components/JSearchSelect.vue(256,35): error TS18049: 'value' is possibly 'null' or 'undefined'.
src/components/Form/src/jeecg/components/JSearchSelect.vue(258,30): error TS18049: 'value' is possibly 'null' or 'undefined'.
src/components/Form/src/jeecg/components/JSearchSelect.vue(262,35): error TS18049: 'value' is possibly 'null' or 'undefined'.
src/components/Form/src/jeecg/components/JSearchSelect.vue(479,15): error TS2339: Property 'onFocus' does not exist on type '{} | Ref<Recordable<any>, Recordable<any>>'.
  Property 'onFocus' does not exist on type '{}'.
src/components/Form/src/jeecg/components/JSelectDepartPost.vue(4,171): error TS2339: Property 'rowKey' does not exist on type 'LooseRequired<Readonly<ExtractPropTypes<{ value: VueTypeDef<string | unknown[] | null | undefined>; multiple: VueTypeValidableDef<boolean, ValidatorFunction<boolean>> & { ...; }; izOnlySelectDepartPost: VueTypeValidableDef<...> & { ...; }; isCustomRenderTag: VueTypeValidableDef<...> & { ...; }; izShowDepPath: VueTyp...'.
src/components/Form/src/jeecg/components/JSelectDepartPost.vue(39,26): error TS2339: Property 'refs' does not exist on type '{ attrs: Data; slots: Readonly<InternalSlots>; emit: (event: "select" | "change" | "update:value" | "options-change", ...args: any[]) => void; expose: <Exposed extends Record<string, any> = Record<...>>(exposed?: Exposed | undefined) => void; }'.
src/components/Form/src/jeecg/components/JSelectDept.vue(4,172): error TS2339: Property 'rowKey' does not exist on type 'LooseRequired<Readonly<ExtractPropTypes<{ value: VueTypeDef<string | unknown[] | null | undefined>; multiple: VueTypeValidableDef<boolean, ValidatorFunction<boolean>> & { ...; }; isCustomRenderTag: VueTypeValidableDef<...> & { ...; }; }>> & Readonly<...> & {}>'.
src/components/Form/src/jeecg/components/JSelectDept.vue(36,26): error TS2339: Property 'refs' does not exist on type '{ attrs: Data; slots: Readonly<InternalSlots>; emit: (event: "select" | "change" | "update:value" | "options-change", ...args: any[]) => void; expose: <Exposed extends Record<string, any> = Record<...>>(exposed?: Exposed | undefined) => void; }'.
src/components/Form/src/jeecg/components/JSelectPosition.vue(43,26): error TS2339: Property 'refs' does not exist on type '{ attrs: Data; slots: Readonly<InternalSlots>; emit: (event: "change" | "update:value" | "options-change", ...args: any[]) => void; expose: <Exposed extends Record<string, any> = Record<...>>(exposed?: Exposed | undefined) => void; }'.
src/components/Form/src/jeecg/components/JSelectRole.vue(43,26): error TS2339: Property 'refs' does not exist on type '{ attrs: Data; slots: Readonly<InternalSlots>; emit: (event: "change" | "update:value" | "options-change", ...args: any[]) => void; expose: <Exposed extends Record<string, any> = Record<...>>(exposed?: Exposed | undefined) => void; }'.
src/components/Form/src/jeecg/components/JSelectUser.vue(7,9): error TS2783: 'rowKey' is specified more than once, so this usage will be overwritten.
src/components/Form/src/jeecg/components/JSelectUserByDept.vue(5,27): error TS2783: 'rowKey' is specified more than once, so this usage will be overwritten.
src/components/Form/src/jeecg/components/JSelectUserByDept.vue(37,26): error TS2339: Property 'refs' does not exist on type '{ attrs: Data; slots: Readonly<InternalSlots>; emit: (event: "change" | "update:value" | "options-change", ...args: any[]) => void; expose: <Exposed extends Record<string, any> = Record<...>>(exposed?: Exposed | undefined) => void; }'.
src/components/Form/src/jeecg/components/JSelectUserByDept.vue(75,57): error TS2339: Property 'value' does not exist on type 'object'.
src/components/Form/src/jeecg/components/JSelectUserByDept.vue(78,38): error TS2339: Property 'value' does not exist on type 'object'.
src/components/Form/src/jeecg/components/JSelectUserByDept.vue(99,24): error TS2339: Property 'value' does not exist on type 'object'.
src/components/Form/src/jeecg/components/JSelectUserByDept.vue(101,24): error TS2339: Property 'value' does not exist on type 'object'.
src/components/Form/src/jeecg/components/JSelectUserByDept.vue(112,22): error TS2339: Property 'value' does not exist on type 'object'.
src/components/Form/src/jeecg/components/JSelectUserByDeptPost.vue(5,31): error TS2783: 'rowKey' is specified more than once, so this usage will be overwritten.
src/components/Form/src/jeecg/components/JSelectUserByDeptPost.vue(37,26): error TS2339: Property 'refs' does not exist on type '{ attrs: Data; slots: Readonly<InternalSlots>; emit: (event: "change" | "update:value" | "options-change", ...args: any[]) => void; expose: <Exposed extends Record<string, any> = Record<...>>(exposed?: Exposed | undefined) => void; }'.
src/components/Form/src/jeecg/components/JSelectUserByDeptPost.vue(75,57): error TS2339: Property 'value' does not exist on type 'object'.
src/components/Form/src/jeecg/components/JSelectUserByDeptPost.vue(78,38): error TS2339: Property 'value' does not exist on type 'object'.
src/components/Form/src/jeecg/components/JSelectUserByDeptPost.vue(99,24): error TS2339: Property 'value' does not exist on type 'object'.
src/components/Form/src/jeecg/components/JSelectUserByDeptPost.vue(101,24): error TS2339: Property 'value' does not exist on type 'object'.
src/components/Form/src/jeecg/components/JSelectUserByDeptPost.vue(112,22): error TS2339: Property 'value' does not exist on type 'object'.
src/components/Form/src/jeecg/components/JTreeSelect.vue(336,9): error TS2794: Expected 1 arguments, but got 0. Did you forget to include 'void' in your type argument to 'Promise'?
src/components/Form/src/jeecg/components/JTreeSelect.vue(341,13): error TS2794: Expected 1 arguments, but got 0. Did you forget to include 'void' in your type argument to 'Promise'?
src/components/Form/src/jeecg/components/modal/DeptSelectModal.vue(8,10): error TS2322: Type 'object[]' is not assignable to type 'DataNode[]'.
  Property 'key' is missing in type '{}' but required in type 'DataNode'.
src/components/Form/src/jeecg/components/modal/JPopupOnlReportModal.vue(152,11): error TS2722: Cannot invoke an object which is possibly 'undefined'.
src/components/Form/src/jeecg/components/modal/JPopupOnlReportModal.vue(162,15): error TS18048: 'visible' is possibly 'undefined'.
src/components/Form/src/jeecg/components/modal/JPopupOnlReportModal.vue(163,13): error TS2722: Cannot invoke an object which is possibly 'undefined'.
src/components/Form/src/jeecg/components/modal/JPopupOnlReportModal.vue(164,13): error TS2722: Cannot invoke an object which is possibly 'undefined'.
src/components/Form/src/jeecg/components/modal/JPopupOnlReportModal.vue(175,13): error TS18048: 'iSorter' is possibly 'undefined'.
src/components/Form/src/jeecg/components/modal/JPopupOnlReportModal.vue(177,13): error TS2532: Object is possibly 'undefined'.
src/components/Form/src/jeecg/components/modal/JPopupOnlReportModal.vue(178,23): error TS2339: Property 'dataIndex' does not exist on type 'object'.
src/components/Form/src/jeecg/components/modal/JPopupOnlReportModal.vue(210,9): error TS18048: 'checkedKeys' is possibly 'undefined'.
src/components/Form/src/jeecg/components/modal/JPopupOnlReportModal.vue(211,9): error TS18048: 'selectRows' is possibly 'undefined'.
src/components/Form/src/jeecg/components/modal/JPopupOnlReportModal.vue(220,9): error TS2722: Cannot invoke an object which is possibly 'undefined'.
src/components/Form/src/jeecg/components/modal/JPopupOnlReportModal.vue(221,50): error TS2532: Object is possibly 'undefined'.
src/components/Form/src/jeecg/components/modal/JPopupOnlReportModal.vue(225,35): error TS2532: Object is possibly 'undefined'.
src/components/Form/src/jeecg/components/modal/JPopupOnlReportModal.vue(239,9): error TS2722: Cannot invoke an object which is possibly 'undefined'.
src/components/Form/src/jeecg/components/modal/JPopupOnlReportModal.vue(245,9): error TS18048: 'queryParam' is possibly 'undefined'.
src/components/Form/src/jeecg/components/modal/JPopupOnlReportModal.vue(246,9): error TS2722: Cannot invoke an object which is possibly 'undefined'.
src/components/Form/src/jeecg/components/modal/JSelectUserByDepartmentModal.vue(571,74): error TS2322: Type 'any' is not assignable to type 'never'.
src/components/Form/src/jeecg/components/modal/JSelectUserByDepartmentModal.vue(571,83): error TS2322: Type 'any' is not assignable to type 'never'.
src/components/Form/src/jeecg/components/modal/PositionSelectModal.vue(18,13): error TS2783: 'bordered' is specified more than once, so this usage will be overwritten.
src/components/Form/src/jeecg/components/modal/PositionSelectModal.vue(72,26): error TS2339: Property 'refs' does not exist on type '{ attrs: Data; slots: Readonly<InternalSlots>; emit: (event: "register" | "getSelectResult", ...args: any[]) => void; expose: <Exposed extends Record<string, any> = Record<...>>(exposed?: Exposed | undefined) => void; }'.
src/components/Form/src/jeecg/components/modal/RoleSelectModal.vue(45,26): error TS2339: Property 'refs' does not exist on type '{ attrs: Data; slots: Readonly<InternalSlots>; emit: (event: "register" | "getSelectResult", ...args: any[]) => void; expose: <Exposed extends Record<string, any> = Record<...>>(exposed?: Exposed | undefined) => void; }'.
src/components/Form/src/jeecg/components/modal/UserSelectByDepModal.vue(65,26): error TS2339: Property 'refs' does not exist on type '{ attrs: Data; slots: Readonly<InternalSlots>; emit: (event: "register" | "getSelectResult", ...args: any[]) => void; expose: <Exposed extends Record<string, any> = Record<...>>(exposed?: Exposed | undefined) => void; }'.
src/components/Form/src/jeecg/components/modal/UserSelectByDepModal.vue(180,9): error TS2554: Expected 1 arguments, but got 0.
src/components/Form/src/jeecg/components/modal/UserSelectByDepPostModal.vue(68,26): error TS2339: Property 'refs' does not exist on type '{ attrs: Data; slots: Readonly<InternalSlots>; emit: (event: "register" | "getSelectResult", ...args: any[]) => void; expose: <Exposed extends Record<string, any> = Record<...>>(exposed?: Exposed | undefined) => void; }'.
src/components/Form/src/jeecg/components/modal/UserSelectModal.vue(101,26): error TS2339: Property 'refs' does not exist on type '{ attrs: Data; slots: Readonly<InternalSlots>; emit: (event: "close" | "register" | "getSelectResult", ...args: any[]) => void; expose: <Exposed extends Record<string, any> = Record<...>>(exposed?: Exposed | undefined) => void; }'.
src/components/Form/src/jeecg/components/positionSelect/PositionSelectModal.vue(4,10): error TS2322: Type 'Function' is not assignable to type '() => any'.
  Type 'Function' provides no match for the signature '(): any'.
src/components/Form/src/jeecg/components/roleSelect/RoleSelectModal.vue(4,10): error TS2322: Type 'Function' is not assignable to type '() => any'.
  Type 'Function' provides no match for the signature '(): any'.
src/components/Form/src/jeecg/components/userSelect/UserList.vue(125,18): error TS2483: The left-hand side of a 'for...of' statement cannot use a type annotation.
src/components/Form/src/jeecg/components/userSelect/UserList.vue(126,30): error TS18046: 'item' is of type 'unknown'.
src/components/Form/src/jeecg/components/userSelect/UserList.vue(127,25): error TS18046: 'item' is of type 'unknown'.
src/components/Form/src/jeecg/components/userSelect/UserList.vue(129,25): error TS18046: 'item' is of type 'unknown'.
src/components/Form/src/jeecg/components/userSelect/UserListAndDepart.vue(4,8): error TS2345: Argument of type '{ style: { 'overflow-y': string; 'max-height': string; }; }' is not assignable to parameter of type 'HTMLAttributes & ReservedProps & Record<string, unknown>'.
  Type '{ style: { 'overflow-y': string; 'max-height': string; }; }' is not assignable to type 'HTMLAttributes'.
    Types of property 'style' are incompatible.
      Type '{ 'overflow-y': string; 'max-height': string; }' is not assignable to type 'StyleValue'.
        Type '{ 'overflow-y': string; 'max-height': string; }' is not assignable to type 'CSSProperties'.
          Types of property '"overflow-y"' are incompatible.
            Type 'string' is not assignable to type 'OverflowY | undefined'.
src/components/Form/src/jeecg/components/userSelect/UserListAndDepart.vue(22,8): error TS2345: Argument of type '{ style: { 'overflow-y': string; 'max-height': string; }; }' is not assignable to parameter of type 'HTMLAttributes & ReservedProps & Record<string, unknown>'.
  Type '{ style: { 'overflow-y': string; 'max-height': string; }; }' is not assignable to type 'HTMLAttributes'.
    Types of property 'style' are incompatible.
      Type '{ 'overflow-y': string; 'max-height': string; }' is not assignable to type 'StyleValue'.
        Type '{ 'overflow-y': string; 'max-height': string; }' is not assignable to type 'CSSProperties'.
          Types of property '"overflow-y"' are incompatible.
            Type 'string' is not assignable to type 'OverflowY | undefined'.
src/components/Form/src/jeecg/components/userSelect/UserListAndRole.vue(4,8): error TS2345: Argument of type '{ style: { 'overflow-y': string; 'max-height': string; }; }' is not assignable to parameter of type 'HTMLAttributes & ReservedProps & Record<string, unknown>'.
  Type '{ style: { 'overflow-y': string; 'max-height': string; }; }' is not assignable to type 'HTMLAttributes'.
    Types of property 'style' are incompatible.
      Type '{ 'overflow-y': string; 'max-height': string; }' is not assignable to type 'StyleValue'.
        Type '{ 'overflow-y': string; 'max-height': string; }' is not assignable to type 'CSSProperties'.
          Types of property '"overflow-y"' are incompatible.
            Type 'string' is not assignable to type 'OverflowY | undefined'.
src/components/Form/src/jeecg/components/userSelect/UserListAndRole.vue(13,8): error TS2345: Argument of type '{ style: { 'overflow-y': string; 'max-height': string; }; }' is not assignable to parameter of type 'HTMLAttributes & ReservedProps & Record<string, unknown>'.
  Type '{ style: { 'overflow-y': string; 'max-height': string; }; }' is not assignable to type 'HTMLAttributes'.
    Types of property 'style' are incompatible.
      Type '{ 'overflow-y': string; 'max-height': string; }' is not assignable to type 'StyleValue'.
        Type '{ 'overflow-y': string; 'max-height': string; }' is not assignable to type 'CSSProperties'.
          Types of property '"overflow-y"' are incompatible.
            Type 'string' is not assignable to type 'OverflowY | undefined'.
src/components/Form/src/jeecg/components/userSelect/UserSelectModal.vue(4,6): error TS2322: Type 'Function' is not assignable to type '() => any'.
  Type 'Function' provides no match for the signature '(): any'.
src/components/Form/src/jeecg/hooks/useSelectBiz.ts(32,73): error TS2339: Property 'value' does not exist on type 'object'.
src/components/Form/src/jeecg/hooks/useSelectBiz.ts(33,54): error TS2339: Property 'join' does not exist on type 'never'.
src/components/Form/src/jeecg/hooks/useTreeBiz.ts(95,31): error TS2345: Argument of type 'any' is not assignable to parameter of type 'never'.
src/components/Form/src/jeecg/hooks/useTreeBiz.ts(353,44): error TS2339: Property 'value' does not exist on type 'object'.
src/components/Form/src/jeecg/hooks/useTreeBiz.ts(353,66): error TS2339: Property 'value' does not exist on type 'object'.
src/components/Form/src/jeecg/hooks/useTreeBiz.ts(355,44): error TS2339: Property 'value' does not exist on type 'object'.
src/components/Icon/src/IconPicker.vue(6,18): error TS2339: Property 'disabled' does not exist on type 'CreateComponentPublicInstanceWithMixins<ToResolvedProps<{}, { change: (...args: any[]) => void; "update:value": (...args: any[]) => void; }>, { Icon: DefineComponent<ExtractPropTypes<{ icon: VueTypeValidableDef<string, ValidatorFunction<string>> & { ...; }; color: VueTypeValidableDef<...> & { ...; }; size: { ...; };...'.
  Property 'disabled' does not exist on type '{ $: ComponentInternalInstance; $data: {}; $props: Partial<{} | { [x: string]: any; }> & Omit<{ readonly onChange?: ((...args: any[]) => any) | undefined; readonly "onUpdate:value"?: ((...args: any[]) => any) | undefined; } & VNodeProps & AllowedComponentProps & ComponentCustomProps, never>; ... 11 more ...; $watch<...'.
src/components/Icon/src/IconPicker.vue(8,17): error TS2339: Property 'width' does not exist on type 'CreateComponentPublicInstanceWithMixins<ToResolvedProps<{}, { change: (...args: any[]) => void; "update:value": (...args: any[]) => void; }>, { Icon: DefineComponent<ExtractPropTypes<{ icon: VueTypeValidableDef<string, ValidatorFunction<string>> & { ...; }; color: VueTypeValidableDef<...> & { ...; }; size: { ...; };...'.
  Property 'width' does not exist on type '{ $: ComponentInternalInstance; $data: {}; $props: Partial<{} | { [x: string]: any; }> & Omit<{ readonly onChange?: ((...args: any[]) => any) | undefined; readonly "onUpdate:value"?: ((...args: any[]) => any) | undefined; } & VNodeProps & AllowedComponentProps & ComponentCustomProps, never>; ... 11 more ...; $watch<...'.
src/components/Icon/src/IconPicker.vue(11,29): error TS2339: Property 'allowClear' does not exist on type 'CreateComponentPublicInstanceWithMixins<ToResolvedProps<{}, { change: (...args: any[]) => void; "update:value": (...args: any[]) => void; }>, { Icon: DefineComponent<ExtractPropTypes<{ icon: VueTypeValidableDef<string, ValidatorFunction<string>> & { ...; }; color: VueTypeValidableDef<...> & { ...; }; size: { ...; };...'.
  Property 'allowClear' does not exist on type '{ $: ComponentInternalInstance; $data: {}; $props: Partial<{} | { [x: string]: any; }> & Omit<{ readonly onChange?: ((...args: any[]) => any) | undefined; readonly "onUpdate:value"?: ((...args: any[]) => any) | undefined; } & VNodeProps & AllowedComponentProps & ComponentCustomProps, never>; ... 11 more ...; $watch<...'.
src/components/Icon/src/IconPicker.vue(19,30): error TS2339: Property 'disabled' does not exist on type 'CreateComponentPublicInstanceWithMixins<ToResolvedProps<{}, { change: (...args: any[]) => void; "update:value": (...args: any[]) => void; }>, { Icon: DefineComponent<ExtractPropTypes<{ icon: VueTypeValidableDef<string, ValidatorFunction<string>> & { ...; }; color: VueTypeValidableDef<...> & { ...; }; size: { ...; };...'.
  Property 'disabled' does not exist on type '{ $: ComponentInternalInstance; $data: {}; $props: Partial<{} | { [x: string]: any; }> & Omit<{ readonly onChange?: ((...args: any[]) => any) | undefined; readonly "onUpdate:value"?: ((...args: any[]) => any) | undefined; } & VNodeProps & AllowedComponentProps & ComponentCustomProps, never>; ... 11 more ...; $watch<...'.
src/components/Icon/src/IconPicker.vue(20,33): error TS2339: Property 'disabled' does not exist on type 'CreateComponentPublicInstanceWithMixins<ToResolvedProps<{}, { change: (...args: any[]) => void; "update:value": (...args: any[]) => void; }>, { Icon: DefineComponent<ExtractPropTypes<{ icon: VueTypeValidableDef<string, ValidatorFunction<string>> & { ...; }; color: VueTypeValidableDef<...> & { ...; }; size: { ...; };...'.
  Property 'disabled' does not exist on type '{ $: ComponentInternalInstance; $data: {}; $props: Partial<{} | { [x: string]: any; }> & Omit<{ readonly onChange?: ((...args: any[]) => any) | undefined; readonly "onUpdate:value"?: ((...args: any[]) => any) | undefined; } & VNodeProps & AllowedComponentProps & ComponentCustomProps, never>; ... 11 more ...; $watch<...'.
src/components/Icon/src/IconPicker.vue(26,55): error TS2339: Property 'mode' does not exist on type 'CreateComponentPublicInstanceWithMixins<ToResolvedProps<{}, { change: (...args: any[]) => void; "update:value": (...args: any[]) => void; }>, { Icon: DefineComponent<ExtractPropTypes<{ icon: VueTypeValidableDef<string, ValidatorFunction<string>> & { ...; }; color: VueTypeValidableDef<...> & { ...; }; size: { ...; };...'.
  Property 'mode' does not exist on type '{ $: ComponentInternalInstance; $data: {}; $props: Partial<{} | { [x: string]: any; }> & Omit<{ readonly onChange?: ((...args: any[]) => any) | undefined; readonly "onUpdate:value"?: ((...args: any[]) => any) | undefined; } & VNodeProps & AllowedComponentProps & ComponentCustomProps, never>; ... 11 more ...; $watch<...'.
src/components/Icon/src/IconPicker.vue(27,21): error TS2339: Property 'mode' does not exist on type 'CreateComponentPublicInstanceWithMixins<ToResolvedProps<{}, { change: (...args: any[]) => void; "update:value": (...args: any[]) => void; }>, { Icon: DefineComponent<ExtractPropTypes<{ icon: VueTypeValidableDef<string, ValidatorFunction<string>> & { ...; }; color: VueTypeValidableDef<...> & { ...; }; size: { ...; };...'.
  Property 'mode' does not exist on type '{ $: ComponentInternalInstance; $data: {}; $props: Partial<{} | { [x: string]: any; }> & Omit<{ readonly onChange?: ((...args: any[]) => any) | undefined; readonly "onUpdate:value"?: ((...args: any[]) => any) | undefined; } & VNodeProps & AllowedComponentProps & ComponentCustomProps, never>; ... 11 more ...; $watch<...'.
src/components/Icon/src/IconPicker.vue(31,57): error TS2339: Property 'clearSelect' does not exist on type 'CreateComponentPublicInstanceWithMixins<ToResolvedProps<{}, { change: (...args: any[]) => void; "update:value": (...args: any[]) => void; }>, { Icon: DefineComponent<ExtractPropTypes<{ icon: VueTypeValidableDef<string, ValidatorFunction<string>> & { ...; }; color: VueTypeValidableDef<...> & { ...; }; size: { ...; };...'.
  Property 'clearSelect' does not exist on type '{ $: ComponentInternalInstance; $data: {}; $props: Partial<{} | { [x: string]: any; }> & Omit<{ readonly onChange?: ((...args: any[]) => any) | undefined; readonly "onUpdate:value"?: ((...args: any[]) => any) | undefined; } & VNodeProps & AllowedComponentProps & ComponentCustomProps, never>; ... 11 more ...; $watch<...'.
src/components/Icon/src/IconPicker.vue(31,77): error TS2339: Property 'copy' does not exist on type 'CreateComponentPublicInstanceWithMixins<ToResolvedProps<{}, { change: (...args: any[]) => void; "update:value": (...args: any[]) => void; }>, { Icon: DefineComponent<ExtractPropTypes<{ icon: VueTypeValidableDef<string, ValidatorFunction<string>> & { ...; }; color: VueTypeValidableDef<...> & { ...; }; size: { ...; };...'.
  Property 'copy' does not exist on type '{ $: ComponentInternalInstance; $data: {}; $props: Partial<{} | { [x: string]: any; }> & Omit<{ readonly onChange?: ((...args: any[]) => any) | undefined; readonly "onUpdate:value"?: ((...args: any[]) => any) | undefined; } & VNodeProps & AllowedComponentProps & ComponentCustomProps, never>; ... 11 more ...; $watch<...'.
src/components/Icon/src/IconPicker.vue(36,57): error TS2339: Property 'clearSelect' does not exist on type 'CreateComponentPublicInstanceWithMixins<ToResolvedProps<{}, { change: (...args: any[]) => void; "update:value": (...args: any[]) => void; }>, { Icon: DefineComponent<ExtractPropTypes<{ icon: VueTypeValidableDef<string, ValidatorFunction<string>> & { ...; }; color: VueTypeValidableDef<...> & { ...; }; size: { ...; };...'.
  Property 'clearSelect' does not exist on type '{ $: ComponentInternalInstance; $data: {}; $props: Partial<{} | { [x: string]: any; }> & Omit<{ readonly onChange?: ((...args: any[]) => any) | undefined; readonly "onUpdate:value"?: ((...args: any[]) => any) | undefined; } & VNodeProps & AllowedComponentProps & ComponentCustomProps, never>; ... 11 more ...; $watch<...'.
src/components/Icon/src/IconPicker.vue(36,77): error TS2339: Property 'copy' does not exist on type 'CreateComponentPublicInstanceWithMixins<ToResolvedProps<{}, { change: (...args: any[]) => void; "update:value": (...args: any[]) => void; }>, { Icon: DefineComponent<ExtractPropTypes<{ icon: VueTypeValidableDef<string, ValidatorFunction<string>> & { ...; }; color: VueTypeValidableDef<...> & { ...; }; size: { ...; };...'.
  Property 'copy' does not exist on type '{ $: ComponentInternalInstance; $data: {}; $props: Partial<{} | { [x: string]: any; }> & Omit<{ readonly onChange?: ((...args: any[]) => any) | undefined; readonly "onUpdate:value"?: ((...args: any[]) => any) | undefined; } & VNodeProps & AllowedComponentProps & ComponentCustomProps, never>; ... 11 more ...; $watch<...'.
src/components/Icon/src/IconPicker.vue(41,57): error TS2339: Property 'clearSelect' does not exist on type 'CreateComponentPublicInstanceWithMixins<ToResolvedProps<{}, { change: (...args: any[]) => void; "update:value": (...args: any[]) => void; }>, { Icon: DefineComponent<ExtractPropTypes<{ icon: VueTypeValidableDef<string, ValidatorFunction<string>> & { ...; }; color: VueTypeValidableDef<...> & { ...; }; size: { ...; };...'.
  Property 'clearSelect' does not exist on type '{ $: ComponentInternalInstance; $data: {}; $props: Partial<{} | { [x: string]: any; }> & Omit<{ readonly onChange?: ((...args: any[]) => any) | undefined; readonly "onUpdate:value"?: ((...args: any[]) => any) | undefined; } & VNodeProps & AllowedComponentProps & ComponentCustomProps, never>; ... 11 more ...; $watch<...'.
src/components/Icon/src/IconPicker.vue(41,77): error TS2339: Property 'copy' does not exist on type 'CreateComponentPublicInstanceWithMixins<ToResolvedProps<{}, { change: (...args: any[]) => void; "update:value": (...args: any[]) => void; }>, { Icon: DefineComponent<ExtractPropTypes<{ icon: VueTypeValidableDef<string, ValidatorFunction<string>> & { ...; }; color: VueTypeValidableDef<...> & { ...; }; size: { ...; };...'.
  Property 'copy' does not exist on type '{ $: ComponentInternalInstance; $data: {}; $props: Partial<{} | { [x: string]: any; }> & Omit<{ readonly onChange?: ((...args: any[]) => any) | undefined; readonly "onUpdate:value"?: ((...args: any[]) => any) | undefined; } & VNodeProps & AllowedComponentProps & ComponentCustomProps, never>; ... 11 more ...; $watch<...'.
src/components/Icon/src/IconPicker.vue(46,57): error TS2339: Property 'clearSelect' does not exist on type 'CreateComponentPublicInstanceWithMixins<ToResolvedProps<{}, { change: (...args: any[]) => void; "update:value": (...args: any[]) => void; }>, { Icon: DefineComponent<ExtractPropTypes<{ icon: VueTypeValidableDef<string, ValidatorFunction<string>> & { ...; }; color: VueTypeValidableDef<...> & { ...; }; size: { ...; };...'.
  Property 'clearSelect' does not exist on type '{ $: ComponentInternalInstance; $data: {}; $props: Partial<{} | { [x: string]: any; }> & Omit<{ readonly onChange?: ((...args: any[]) => any) | undefined; readonly "onUpdate:value"?: ((...args: any[]) => any) | undefined; } & VNodeProps & AllowedComponentProps & ComponentCustomProps, never>; ... 11 more ...; $watch<...'.
src/components/Icon/src/IconPicker.vue(46,77): error TS2339: Property 'copy' does not exist on type 'CreateComponentPublicInstanceWithMixins<ToResolvedProps<{}, { change: (...args: any[]) => void; "update:value": (...args: any[]) => void; }>, { Icon: DefineComponent<ExtractPropTypes<{ icon: VueTypeValidableDef<string, ValidatorFunction<string>> & { ...; }; color: VueTypeValidableDef<...> & { ...; }; size: { ...; };...'.
  Property 'copy' does not exist on type '{ $: ComponentInternalInstance; $data: {}; $props: Partial<{} | { [x: string]: any; }> & Omit<{ readonly onChange?: ((...args: any[]) => any) | undefined; readonly "onUpdate:value"?: ((...args: any[]) => any) | undefined; } & VNodeProps & AllowedComponentProps & ComponentCustomProps, never>; ... 11 more ...; $watch<...'.
src/components/Icon/src/IconPicker.vue(51,57): error TS2339: Property 'clearSelect' does not exist on type 'CreateComponentPublicInstanceWithMixins<ToResolvedProps<{}, { change: (...args: any[]) => void; "update:value": (...args: any[]) => void; }>, { Icon: DefineComponent<ExtractPropTypes<{ icon: VueTypeValidableDef<string, ValidatorFunction<string>> & { ...; }; color: VueTypeValidableDef<...> & { ...; }; size: { ...; };...'.
  Property 'clearSelect' does not exist on type '{ $: ComponentInternalInstance; $data: {}; $props: Partial<{} | { [x: string]: any; }> & Omit<{ readonly onChange?: ((...args: any[]) => any) | undefined; readonly "onUpdate:value"?: ((...args: any[]) => any) | undefined; } & VNodeProps & AllowedComponentProps & ComponentCustomProps, never>; ... 11 more ...; $watch<...'.
src/components/Icon/src/IconPicker.vue(51,77): error TS2339: Property 'copy' does not exist on type 'CreateComponentPublicInstanceWithMixins<ToResolvedProps<{}, { change: (...args: any[]) => void; "update:value": (...args: any[]) => void; }>, { Icon: DefineComponent<ExtractPropTypes<{ icon: VueTypeValidableDef<string, ValidatorFunction<string>> & { ...; }; color: VueTypeValidableDef<...> & { ...; }; size: { ...; };...'.
  Property 'copy' does not exist on type '{ $: ComponentInternalInstance; $data: {}; $props: Partial<{} | { [x: string]: any; }> & Omit<{ readonly onChange?: ((...args: any[]) => any) | undefined; readonly "onUpdate:value"?: ((...args: any[]) => any) | undefined; } & VNodeProps & AllowedComponentProps & ComponentCustomProps, never>; ... 11 more ...; $watch<...'.
src/components/Icon/src/IconPicker.vue(56,57): error TS2339: Property 'clearSelect' does not exist on type 'CreateComponentPublicInstanceWithMixins<ToResolvedProps<{}, { change: (...args: any[]) => void; "update:value": (...args: any[]) => void; }>, { Icon: DefineComponent<ExtractPropTypes<{ icon: VueTypeValidableDef<string, ValidatorFunction<string>> & { ...; }; color: VueTypeValidableDef<...> & { ...; }; size: { ...; };...'.
  Property 'clearSelect' does not exist on type '{ $: ComponentInternalInstance; $data: {}; $props: Partial<{} | { [x: string]: any; }> & Omit<{ readonly onChange?: ((...args: any[]) => any) | undefined; readonly "onUpdate:value"?: ((...args: any[]) => any) | undefined; } & VNodeProps & AllowedComponentProps & ComponentCustomProps, never>; ... 11 more ...; $watch<...'.
src/components/Icon/src/IconPicker.vue(56,77): error TS2339: Property 'copy' does not exist on type 'CreateComponentPublicInstanceWithMixins<ToResolvedProps<{}, { change: (...args: any[]) => void; "update:value": (...args: any[]) => void; }>, { Icon: DefineComponent<ExtractPropTypes<{ icon: VueTypeValidableDef<string, ValidatorFunction<string>> & { ...; }; color: VueTypeValidableDef<...> & { ...; }; size: { ...; };...'.
  Property 'copy' does not exist on type '{ $: ComponentInternalInstance; $data: {}; $props: Partial<{} | { [x: string]: any; }> & Omit<{ readonly onChange?: ((...args: any[]) => any) | undefined; readonly "onUpdate:value"?: ((...args: any[]) => any) | undefined; } & VNodeProps & AllowedComponentProps & ComponentCustomProps, never>; ... 11 more ...; $watch<...'.
src/components/Icon/src/IconPicker.vue(61,57): error TS2339: Property 'clearSelect' does not exist on type 'CreateComponentPublicInstanceWithMixins<ToResolvedProps<{}, { change: (...args: any[]) => void; "update:value": (...args: any[]) => void; }>, { Icon: DefineComponent<ExtractPropTypes<{ icon: VueTypeValidableDef<string, ValidatorFunction<string>> & { ...; }; color: VueTypeValidableDef<...> & { ...; }; size: { ...; };...'.
  Property 'clearSelect' does not exist on type '{ $: ComponentInternalInstance; $data: {}; $props: Partial<{} | { [x: string]: any; }> & Omit<{ readonly onChange?: ((...args: any[]) => any) | undefined; readonly "onUpdate:value"?: ((...args: any[]) => any) | undefined; } & VNodeProps & AllowedComponentProps & ComponentCustomProps, never>; ... 11 more ...; $watch<...'.
src/components/Icon/src/IconPicker.vue(61,77): error TS2339: Property 'copy' does not exist on type 'CreateComponentPublicInstanceWithMixins<ToResolvedProps<{}, { change: (...args: any[]) => void; "update:value": (...args: any[]) => void; }>, { Icon: DefineComponent<ExtractPropTypes<{ icon: VueTypeValidableDef<string, ValidatorFunction<string>> & { ...; }; color: VueTypeValidableDef<...> & { ...; }; size: { ...; };...'.
  Property 'copy' does not exist on type '{ $: ComponentInternalInstance; $data: {}; $props: Partial<{} | { [x: string]: any; }> & Omit<{ readonly onChange?: ((...args: any[]) => any) | undefined; readonly "onUpdate:value"?: ((...args: any[]) => any) | undefined; } & VNodeProps & AllowedComponentProps & ComponentCustomProps, never>; ... 11 more ...; $watch<...'.
src/components/Icon/src/IconPicker.vue(67,51): error TS2339: Property 'clearSelect' does not exist on type 'CreateComponentPublicInstanceWithMixins<ToResolvedProps<{}, { change: (...args: any[]) => void; "update:value": (...args: any[]) => void; }>, { Icon: DefineComponent<ExtractPropTypes<{ icon: VueTypeValidableDef<string, ValidatorFunction<string>> & { ...; }; color: VueTypeValidableDef<...> & { ...; }; size: { ...; };...'.
  Property 'clearSelect' does not exist on type '{ $: ComponentInternalInstance; $data: {}; $props: Partial<{} | { [x: string]: any; }> & Omit<{ readonly onChange?: ((...args: any[]) => any) | undefined; readonly "onUpdate:value"?: ((...args: any[]) => any) | undefined; } & VNodeProps & AllowedComponentProps & ComponentCustomProps, never>; ... 11 more ...; $watch<...'.
src/components/Icon/src/IconPicker.vue(67,71): error TS2339: Property 'copy' does not exist on type 'CreateComponentPublicInstanceWithMixins<ToResolvedProps<{}, { change: (...args: any[]) => void; "update:value": (...args: any[]) => void; }>, { Icon: DefineComponent<ExtractPropTypes<{ icon: VueTypeValidableDef<string, ValidatorFunction<string>> & { ...; }; color: VueTypeValidableDef<...> & { ...; }; size: { ...; };...'.
  Property 'copy' does not exist on type '{ $: ComponentInternalInstance; $data: {}; $props: Partial<{} | { [x: string]: any; }> & Omit<{ readonly onChange?: ((...args: any[]) => any) | undefined; readonly "onUpdate:value"?: ((...args: any[]) => any) | undefined; } & VNodeProps & AllowedComponentProps & ComponentCustomProps, never>; ... 11 more ...; $watch<...'.
src/components/Icon/src/IconPicker.vue(107,51): error TS2322: Type 'string' is not assignable to type '("svg" | "iconify")[]'.
src/components/Icon/src/IconPicker.vue(107,58): error TS2322: Type 'string' is not assignable to type '("svg" | "iconify")[]'.
src/components/Icon/src/IconPicker.vue(107,74): error TS2345: Argument of type '"iconify"' is not assignable to parameter of type 'DefaultType<D>'.
src/components/InFilter/CascaderPcaInFilter.vue(3,21): error TS2339: Property 'prefixCls' does not exist on type 'CreateComponentPublicInstanceWithMixins<ToResolvedProps<{}, {}>, {}, {}, {}, {}, ComponentOptionsMixin, ComponentOptionsMixin, {}, PublicProps, ... 16 more ..., {}>'.
src/components/JDragNotice/JDragNotice.vue(10,17): error TS2339: Property 'handReply' does not exist on type 'CreateComponentPublicInstanceWithMixins<ToResolvedProps<{}, {}>, { currentModal: Ref<string | null, string | null>; modalParams: Ref<Recordable<any>, Recordable<any>>; modalRegCache: Ref<...>; bindParams: Ref<...>; reloadPage: () => void; }, ... 23 more ..., {}>'.
src/components/jeecg/JTabsSelectUser/component/PostRankRelation.vue(8,10): error TS2322: Type 'unknown[]' is not assignable to type 'DataNode[]'.
  Type 'unknown' is not assignable to type 'DataNode'.
src/components/jeecg/JTabsSelectUser/index.vue(45,34): error TS2304: Cannot find name 'SelectValue'.
src/components/jeecg/JTabsSelectUser/SelectUserModal.vue(360,11): error TS2322: Type 'any[]' is not assignable to type 'never[]'.
  Type 'any' is not assignable to type 'never'.
src/components/jeecg/JTabsSelectUser/SelectUserModal.vue(521,18): error TS2345: Argument of type '{ realname: any; username: any; id: any; }' is not assignable to parameter of type 'never'.
src/components/jeecg/JTabsSelectUser/SelectUserModal.vue(577,19): error TS2345: Argument of type 'any' is not assignable to parameter of type 'never'.
src/components/jeecg/JTabsSelectUser/SelectUserModal.vue(578,19): error TS2345: Argument of type 'any' is not assignable to parameter of type 'never'.
src/components/jeecg/JTabsSelectUser/SelectUserModal.vue(579,19): error TS2345: Argument of type 'any' is not assignable to parameter of type 'never'.
src/components/jeecg/JVxeTable/src/components/cells/JVxeRadioCell.vue(3,127): error TS2554: Expected 1 arguments, but got 2.
src/components/jeecg/JVxeTable/src/components/cells/JVxeUploadCell.vue(37,24): error TS2339: Property 'disabledTable' does not exist on type '{}'.
src/components/jeecg/JVxeTable/src/hooks/useMethods.ts(22,7): error TS2322: Type 'VxeTableInstance<any>' is not assignable to type '{ $: ComponentInternalInstance; $data: {}; $props: { size?: VxeComponentSizeType | undefined; id?: ID<any> | undefined; data?: Data<...> | undefined; ... 91 more ...; delayHover?: number | undefined; }; ... 11 more ...; $watch<T extends string | ((...args: any) => any)>(source: T, cb: T extends (...args: any) => inf...'.
  Type 'VxeTableInstance<any>' is missing the following properties from type 'VxeTablePrivateMethods<any>': getSetupOptions, updateAfterDataIndex, callSlot, getParentElem, and 141 more.
src/components/jeecg/JVxeTable/src/hooks/useWebSocket.ts(42,15): error TS2339: Property 'timeout' does not exist on type '{}'.
src/components/jeecg/JVxeTable/src/hooks/useWebSocket.ts(47,12): error TS2339: Property 'clear' does not exist on type '{}'.
src/components/jeecg/JVxeTable/src/hooks/useWebSocket.ts(48,36): error TS2339: Property 'start' does not exist on type '{}'.
src/components/jeecg/JVxeTable/src/hooks/useWebSocket.ts(48,50): error TS2339: Property 'interval' does not exist on type '{}'.
src/components/jeecg/JVxeTable/src/hooks/useWebSocket.ts(142,12): error TS2339: Property 'heartCheck' does not exist on type '{}'.
src/components/jeecg/JVxeTable/src/hooks/useWebSocket.ts(146,12): error TS2339: Property 'reconnect' does not exist on type '{}'.
src/components/jeecg/JVxeTable/src/hooks/useWebSocket.ts(157,28): error TS2339: Property 'constants' does not exist on type '{}'.
src/components/jeecg/JVxeTable/src/hooks/useWebSocket.ts(158,28): error TS2339: Property 'constants' does not exist on type '{}'.
src/components/jeecg/JVxeTable/src/hooks/useWebSocket.ts(161,19): error TS2339: Property 'constants' does not exist on type '{}'.
src/components/jeecg/JVxeTable/src/hooks/useWebSocket.ts(162,16): error TS2339: Property 'heartCheck' does not exist on type '{}'.
src/components/jeecg/JVxeTable/src/hooks/useWebSocket.ts(165,19): error TS2339: Property 'constants' does not exist on type '{}'.
src/components/jeecg/JVxeTable/src/hooks/useWebSocket.ts(166,16): error TS2339: Property 'callBind' does not exist on type '{}'.
src/components/jeecg/JVxeTable/src/hooks/useWebSocket.ts(166,30): error TS2339: Property 'tableMap' does not exist on type '{}'.
src/components/jeecg/JVxeTable/src/hooks/useWebSocket.ts(166,71): error TS2339: Property 'onVM' does not exist on type '{}'.
src/components/jeecg/JVxeTable/src/hooks/useWebSocket.ts(175,12): error TS2339: Property 'reconnect' does not exist on type '{}'.
src/components/jeecg/OnLine/JPopupOnlReport.vue(60,22): error TS18048: '__VLS_ctx.hrefComponent' is possibly 'undefined'.
src/components/jeecg/OnLine/JPopupOnlReport.vue(60,49): error TS18048: '__VLS_ctx.hrefComponent' is possibly 'undefined'.
src/components/jeecg/OnLine/JPopupOnlReport.vue(61,23): error TS18048: '__VLS_ctx.hrefComponent' is possibly 'undefined'.
src/components/jeecg/OnLine/JPopupOnlReport.vue(61,49): error TS18048: '__VLS_ctx.hrefComponent' is possibly 'undefined'.
src/components/jeecg/OnLine/JPopupOnlReport.vue(86,26): error TS2339: Property 'refs' does not exist on type '{ attrs: Data; slots: Readonly<InternalSlots>; emit: (event: "ok" | "register", ...args: any[]) => void; expose: <Exposed extends Record<string, any> = Record<string, any>>(exposed?: Exposed | undefined) => void; }'.
src/components/jeecg/OnLine/JPopupOnlReport.vue(145,11): error TS2722: Cannot invoke an object which is possibly 'undefined'.
src/components/jeecg/OnLine/JPopupOnlReport.vue(156,13): error TS2722: Cannot invoke an object which is possibly 'undefined'.
src/components/jeecg/OnLine/JPopupOnlReport.vue(168,13): error TS18048: 'iSorter' is possibly 'undefined'.
src/components/jeecg/OnLine/JPopupOnlReport.vue(170,13): error TS2532: Object is possibly 'undefined'.
src/components/jeecg/OnLine/JPopupOnlReport.vue(171,23): error TS2339: Property 'dataIndex' does not exist on type 'object'.
src/components/jeecg/OnLine/JPopupOnlReport.vue(198,9): error TS2722: Cannot invoke an object which is possibly 'undefined'.
src/components/jeecg/OnLine/JPopupOnlReport.vue(205,9): error TS18048: 'queryParam' is possibly 'undefined'.
src/components/jeecg/OnLine/JPopupOnlReport.vue(206,9): error TS2722: Cannot invoke an object which is possibly 'undefined'.
src/components/jeecg/OnLine/SearchFormItem.vue(213,32): error TS5097: An import path can only end with a '.ts' extension when 'allowImportingTsExtensions' is enabled.
src/components/jeecg/OnLine/SearchFormItem.vue(214,32): error TS5097: An import path can only end with a '.ts' extension when 'allowImportingTsExtensions' is enabled.
src/components/jeecg/thirdApp/JThirdAppButton.vue(3,43): error TS2339: Property 'wechatEnterprise' does not exist on type '{}'.
src/components/jeecg/thirdApp/JThirdAppButton.vue(4,43): error TS2339: Property 'dingtalk' does not exist on type '{}'.
src/components/jeecg/thirdApp/JThirdAppButton.vue(13,41): error TS2305: Module '"./jThirdApp.api"' has no exported member 'doSyncThirdApp'.
src/components/jeecg/thirdApp/JThirdAppButton.vue(137,15): error TS2794: Expected 1 arguments, but got 0. Did you forget to include 'void' in your type argument to 'Promise'?
src/components/jeecg/thirdApp/JThirdAppButton.vue(147,11): error TS2794: Expected 1 arguments, but got 0. Did you forget to include 'void' in your type argument to 'Promise'?
src/components/JVxeCustom/src/components/JVxeDepartSelectCell.vue(81,42): error TS2339: Property 'disabledTable' does not exist on type '{}'.
src/components/JVxeCustom/src/components/JVxeFileCell.vue(29,49): error TS2339: Property 'disabled' does not exist on type '{}'.
src/components/JVxeCustom/src/components/JVxeFileCell.vue(32,49): error TS2339: Property 'disabled' does not exist on type '{}'.
src/components/JVxeCustom/src/components/JVxeFileCell.vue(42,24): error TS2339: Property 'disabledTable' does not exist on type '{}'.
src/components/JVxeCustom/src/components/JVxeImageCell.vue(20,54): error TS2339: Property 'disabledTable' does not exist on type '{}'.
src/components/JVxeCustom/src/components/JVxeImageCell.vue(63,39): error TS2339: Property 'disabled' does not exist on type '{}'.
src/components/JVxeCustom/src/components/JVxeImageCell.vue(92,36): error TS2339: Property 'disabled' does not exist on type '{}'.
src/components/JVxeCustom/src/components/JVxeSelectDictSearchCell.ts(124,11): error TS2769: No overload matches this call.
  The last overload gave the following error.
    Type 'null' is not assignable to type 'RawValue | RawValue[] | LabeledValue | LabeledValue[]'.
src/components/JVxeCustom/src/components/JVxeUserSelectCell.vue(57,42): error TS2339: Property 'disabledTable' does not exist on type '{}'.
src/components/Loading/src/Loading.vue(4,25): error TS2464: A computed property name must be of type 'string', 'number', 'symbol', or 'any'.
src/components/Markdown/src/Markdown.vue(82,35): error TS2339: Property '_CONFIG' does not exist on type 'Window & typeof globalThis'.
src/components/Markdown/src/Markdown.vue(184,19): error TS2322: Type '(files: File[]) => Promise<void>' is not assignable to type '(files: File[]) => string | Promise<string> | Promise<null> | null'.
  Type 'Promise<void>' is not assignable to type 'string | Promise<string> | Promise<null> | null'.
    Type 'Promise<void>' is not assignable to type 'Promise<string>'.
      Type 'void' is not assignable to type 'string'.
src/components/Menu/src/BasicMenu.vue(11,6): error TS2322: Type '({ item, key }: { item: any; key: string; keyPath: string[]; }) => Promise<void>' is not assignable to type 'MenuClickEventHandler'.
  Types of parameters '__0' and 'info' are incompatible.
    Type 'MenuInfo' is not assignable to type '{ item: any; key: string; keyPath: string[]; }'.
      Types of property 'key' are incompatible.
        Type 'Key' is not assignable to type 'string'.
          Type 'number' is not assignable to type 'string'.
src/components/Menu/src/components/BasicMenuItem.vue(2,43): error TS2339: Property 'title' does not exist on type 'Menu'.
src/components/Page/src/PageWrapper.vue(84,9): error TS2345: Argument of type 'ComputedRef<boolean | undefined>' is not assignable to parameter of type 'ComputedRef<Boolean>'.
  Type 'boolean | undefined' is not assignable to type 'Boolean'.
    Type 'undefined' is not assignable to type 'Boolean'.
src/components/Preview/src/typing.ts(9,25): error TS2842: 'number' is an unused renaming of 'index'. Did you intend to use it as a type annotation?
src/components/Preview/src/typing.ts(9,38): error TS2842: 'string' is an unused renaming of 'url'. Did you intend to use it as a type annotation?
src/components/Preview/src/typing.ts(9,51): error TS2842: 'HTMLImageElement' is an unused renaming of 'dom'. Did you intend to use it as a type annotation?
src/components/Preview/src/typing.ts(10,26): error TS2842: 'number' is an unused renaming of 'index'. Did you intend to use it as a type annotation?
src/components/Preview/src/typing.ts(10,39): error TS2842: 'string' is an unused renaming of 'url'. Did you intend to use it as a type annotation?
src/components/Preview/src/typing.ts(10,52): error TS2842: 'HTMLImageElement' is an unused renaming of 'dom'. Did you intend to use it as a type annotation?
src/components/Scrollbar/src/Scrollbar.vue(3,6): error TS2345: Argument of type '{ style: string | Recordable<unknown>; class: (string | unknown[])[]; ref: string; onScroll: () => void; }' is not assignable to parameter of type 'HTMLAttributes & ReservedProps & Record<string, unknown>'.
  Type '{ style: string | Recordable<unknown>; class: (string | unknown[])[]; ref: string; onScroll: () => void; }' is not assignable to type 'HTMLAttributes'.
    Types of property 'style' are incompatible.
      Type 'string | Recordable<unknown>' is not assignable to type 'StyleValue'.
        Type 'Recordable<unknown>' is not assignable to type 'StyleValue'.
          Type 'Recordable<unknown>' is not assignable to type 'CSSProperties'.
            'string' and '`--${string}`' index signatures are incompatible.
              Type 'unknown' is not assignable to type 'string | number | undefined'.
src/components/Scrollbar/src/util.ts(39,3): error TS2322: Type '{} & K' is not assignable to type 'T & K'.
  Type '{} & K' is not assignable to type 'T'.
    'T' could be instantiated with an arbitrary type which could be unrelated to '{} & K'.
src/components/Scrollbar/src/util.ts(39,24): error TS2769: No overload matches this call.
  Overload 1 of 4, '(target: {}, source: K): {} & K', gave the following error.
    Argument of type 'T' is not assignable to parameter of type '{}'.
  Overload 2 of 4, '(target: object, ...sources: any[]): any', gave the following error.
    Argument of type 'T' is not assignable to parameter of type 'object'.
src/components/SimpleMenu/src/components/SubMenuItem.vue(9,40): error TS2339: Property 'opened' does not exist on type 'CreateComponentPublicInstanceWithMixins<ToResolvedProps<ExtractPropTypes<{ name: { type: PropType<string | number>; required: true; }; disabled: VueTypeValidableDef<boolean, ValidatorFunction<boolean>>; collapsedShowTitle: VueTypeValidableDef<...>; isThemeBright: { ...; }; }>, {}>, ... 24 more ..., { ...; }>'.
src/components/SimpleMenu/src/SimpleMenu.vue(73,85): error TS2345: Argument of type 'Ref<boolean | undefined, boolean | undefined>' is not assignable to parameter of type 'Ref<boolean, boolean>'.
  Type 'boolean | undefined' is not assignable to type 'boolean'.
    Type 'undefined' is not assignable to type 'boolean'.
src/components/Table/src/BasicTable.vue(36,57): error TS2345: Argument of type 'ColumnType<any>' is not assignable to parameter of type 'BasicColumn'.
  Types of property 'filters' are incompatible.
    Type 'ColumnFilterItem[] | undefined' is not assignable to type '{ text: string; value: string; children?: unknown[] | (((props: Record<string, unknown>) => unknown[]) & (() => unknown[]) & (() => unknown[])) | undefined; }[] | undefined'.
      Type 'ColumnFilterItem[]' is not assignable to type '{ text: string; value: string; children?: unknown[] | (((props: Record<string, unknown>) => unknown[]) & (() => unknown[]) & (() => unknown[])) | undefined; }[]'.
        Type 'ColumnFilterItem' is not assignable to type '{ text: string; value: string; children?: unknown[] | (((props: Record<string, unknown>) => unknown[]) & (() => unknown[]) & (() => unknown[])) | undefined; }'.
          Types of property 'text' are incompatible.
            Type 'VueNode' is not assignable to type 'string'.
              Type 'undefined' is not assignable to type 'string'.
src/components/Table/src/BasicTable.vue(37,33): error TS2322: Type 'ColumnType<any>' is not assignable to type 'BasicColumn'.
  Types of property 'filters' are incompatible.
    Type 'ColumnFilterItem[] | undefined' is not assignable to type '{ text: string; value: string; children?: unknown[] | (((props: Record<string, unknown>) => unknown[]) & (() => unknown[]) & (() => unknown[])) | undefined; }[] | undefined'.
      Type 'ColumnFilterItem[]' is not assignable to type '{ text: string; value: string; children?: unknown[] | (((props: Record<string, unknown>) => unknown[]) & (() => unknown[]) & (() => unknown[])) | undefined; }[]'.
        Type 'ColumnFilterItem' is not assignable to type '{ text: string; value: string; children?: unknown[] | (((props: Record<string, unknown>) => unknown[]) & (() => unknown[]) & (() => unknown[])) | undefined; }'.
          Types of property 'text' are incompatible.
            Type 'VueNode' is not assignable to type 'string'.
              Type 'undefined' is not assignable to type 'string'.
src/components/Table/src/BasicTable.vue(41,42): error TS2339: Property 'slotsBak' does not exist on type 'ColumnType<any>'.
src/components/Table/src/BasicTable.vue(42,40): error TS2339: Property 'slotsBak' does not exist on type 'ColumnType<any>'.
src/components/Table/src/BasicTable.vue(50,16): error TS2345: Argument of type '{ clickToRowSelect?: boolean | undefined; isTreeTable?: boolean | undefined; sortFn?: ((sortInfo: SorterResult) => any) | undefined; filterFn?: ((data: Partial<Recordable<string[]>>) => any) | undefined; ... 67 more ...; data: any; }' is not assignable to parameter of type 'Partial<{ data: Recordable<any>; rowKey: string; }> & Omit<{ readonly data: Recordable<any>; readonly rowKey: string; readonly hasExpandedRow?: boolean | undefined; readonly summaryFunc?: Fn<...> | undefined; readonly summaryData?: Recordable<...>[] | undefined; } & VNodeProps & AllowedComponentProps & ComponentCust...'.
  Type '{ clickToRowSelect?: boolean | undefined; isTreeTable?: boolean | undefined; sortFn?: ((sortInfo: SorterResult) => any) | undefined; filterFn?: ((data: Partial<Recordable<string[]>>) => any) | undefined; ... 67 more ...; data: any; }' is not assignable to type 'Partial<{ data: Recordable<any>; rowKey: string; }>'.
    Types of property 'rowKey' are incompatible.
      Type 'string | ((record: Recordable<any>) => string) | undefined' is not assignable to type 'string | undefined'.
        Type '(record: Recordable<any>) => string' is not assignable to type 'string'.
src/components/Table/src/BasicTable.vue(211,43): error TS2339: Property 'getRefColumns' does not exist on type '{ getColumnsRef: ComputedRef<BasicColumn[]>; getCacheColumns: () => BasicColumn[]; getColumns: (opt?: GetColumnsParams | undefined) => BasicColumn[]; setColumns: (columnList: Partial<...>[] | (string | string[])[]) => void; getViewColumns: ComputedRef<...>; setCacheColumnsByField: (dataIndex: string | undefined, val...'.
src/components/Table/src/BasicTable.vue(258,123): error TS2345: Argument of type '(opt?: FetchParams | undefined) => Promise<Recordable<any>[] | undefined>' is not assignable to parameter of type '(opt?: FetchParams | undefined) => Promise<void>'.
  Type 'Promise<Recordable<any>[] | undefined>' is not assignable to type 'Promise<void>'.
    Type 'Recordable<any>[] | undefined' is not assignable to type 'void'.
      Type 'Recordable<any>[]' is not assignable to type 'void'.
src/components/Table/src/BasicTable.vue(335,9): error TS2322: Type '(opt?: FetchParams | undefined) => Promise<Recordable<any>[] | undefined>' is not assignable to type '(opt?: FetchParams | undefined) => Promise<void>'.
  Type 'Promise<Recordable<any>[] | undefined>' is not assignable to type 'Promise<void>'.
    Type 'Recordable<any>[] | undefined' is not assignable to type 'void'.
      Type 'Recordable<any>[]' is not assignable to type 'void'.
src/components/Table/src/BasicTable.vue(442,43): error TS2345: Argument of type 'BasicColumn[]' is not assignable to parameter of type '{ key?: string | undefined; dataIndex?: string | undefined; flag?: string | undefined; width?: number | undefined; }[]'.
  Type 'BasicColumn' is not assignable to type '{ key?: string | undefined; dataIndex?: string | undefined; flag?: string | undefined; width?: number | undefined; }'.
    Types of property 'key' are incompatible.
      Type 'Key | undefined' is not assignable to type 'string | undefined'.
        Type 'number' is not assignable to type 'string'.
src/components/Table/src/components/editable/EditableCell.vue(115,56): error TS2345: Argument of type 'Partial<{ onEdit: (editable: boolean, submit?: boolean | undefined) => Promise<boolean>; onValid: () => Promise<boolean>; editable: boolean; onCancel: Fn<any, any>; ... 4 more ...; editValueRefs: Recordable<...>; } & Recordable<...>> | undefined' is not assignable to parameter of type 'Recordable<any>'.
  Type 'undefined' is not assignable to type 'Recordable<any>'.
src/components/Table/src/components/editable/EditableCell.vue(161,64): error TS2339: Property 'options' does not exist on type 'Recordable<any> | ((record: Recordable<any>) => Recordable<any>)'.
  Property 'options' does not exist on type '(record: Recordable<any>) => Recordable<any>'.
src/components/Table/src/components/editable/EditableCell.vue(164,63): error TS2339: Property 'mode' does not exist on type 'Recordable<any> | ((record: Recordable<any>) => Recordable<any>)'.
  Property 'mode' does not exist on type '(record: Recordable<any>) => Recordable<any>'.
src/components/Table/src/components/editable/EditableCell.vue(238,60): error TS2339: Property 'onChange' does not exist on type 'Recordable<any> | ((record: Recordable<any>) => Recordable<any>)'.
  Property 'onChange' does not exist on type '(record: Recordable<any>) => Recordable<any>'.
src/components/Table/src/components/editable/EditableCell.vue(362,17): error TS2339: Property 'replaceFields' does not exist on type 'Recordable<any> | ((record: Recordable<any>) => Recordable<any>)'.
src/components/Table/src/components/editable/EditableCell.vue(405,38): error TS2538: Type 'readonly (string | number)[]' cannot be used as an index type.
src/components/Table/src/components/settings/ColumnSetting.vue(280,43): error TS2769: No overload matches this call.
  Overload 1 of 2, '(predicate: (value: Options, index: number, obj: Options[]) => value is Options, thisArg?: any): Options | undefined', gave the following error.
    Argument of type '(col: BasicColumn) => boolean' is not assignable to parameter of type '(value: Options, index: number, obj: Options[]) => value is Options'.
      Types of parameters 'col' and 'value' are incompatible.
        Property 'title' is missing in type 'Options' but required in type 'BasicColumn'.
  Overload 2 of 2, '(predicate: (value: Options, index: number, obj: Options[]) => unknown, thisArg?: any): Options | undefined', gave the following error.
    Argument of type '(col: BasicColumn) => boolean' is not assignable to parameter of type '(value: Options, index: number, obj: Options[]) => unknown'.
      Types of parameters 'col' and 'value' are incompatible.
        Property 'title' is missing in type 'Options' but required in type 'BasicColumn'.
src/components/Table/src/components/settings/ColumnSetting.vue(345,11): error TS2322: Type 'Options[]' is not assignable to type 'null'.
src/components/Table/src/components/settings/ColumnSetting.vue(420,25): error TS2352: Conversion of type 'Options[]' to type 'BasicColumn[]' may be a mistake because neither type sufficiently overlaps with the other. If this was intentional, convert the expression to 'unknown' first.
  Property 'title' is missing in type 'Options' but required in type 'BasicColumn'.
src/components/Table/src/components/settings/ColumnSetting.vue(431,66): error TS2345: Argument of type '{ fixed: false | "left" | "right" | undefined; }' is not assignable to parameter of type 'BasicColumn'.
  Property 'title' is missing in type '{ fixed: false | "left" | "right" | undefined; }' but required in type 'BasicColumn'.
src/components/Table/src/components/settings/SizeSetting.vue(10,16): error TS2322: Type '({ key }: { key: SizeType; }) => void' is not assignable to type 'MenuClickEventHandler'.
  Types of parameters '__0' and 'info' are incompatible.
    Type 'MenuInfo' is not assignable to type '{ key: SizeType; }'.
      Types of property 'key' are incompatible.
        Type 'Key' is not assignable to type 'SizeType'.
          Type 'string' is not assignable to type 'SizeType'.
src/components/Table/src/components/TableAction.vue(4,30): error TS2339: Property 'slot' does not exist on type '{ onConfirm: any; onCancel: Fn<any, any> | undefined; enable: boolean; title?: string | undefined; okText?: string | undefined; cancelText?: string | undefined; confirm?: Fn<any, any> | undefined; ... 27 more ...; onMousedown?: MouseEventHandler | ... 1 more ... | undefined; }'.
src/components/Table/src/components/TableFooter.vue(10,8): error TS2322: Type 'BasicColumn[]' is not assignable to type '(ColumnGroupType<any> | ColumnType<any>)[]'.
  Type 'BasicColumn' is not assignable to type 'ColumnGroupType<any> | ColumnType<any>'.
    Type 'BasicColumn' is not assignable to type 'ColumnType<any>'.
      Types of property 'filters' are incompatible.
        Type '{ text: string; value: string; children?: unknown[] | (((props: Record<string, unknown>) => unknown[]) & (() => unknown[]) & (() => unknown[])) | undefined; }[] | undefined' is not assignable to type 'ColumnFilterItem[] | undefined'.
          Type '{ text: string; value: string; children?: unknown[] | (((props: Record<string, unknown>) => unknown[]) & (() => unknown[]) & (() => unknown[])) | undefined; }[]' is not assignable to type 'ColumnFilterItem[]'.
            Type '{ text: string; value: string; children?: unknown[] | (((props: Record<string, unknown>) => unknown[]) & (() => unknown[]) & (() => unknown[])) | undefined; }' is not assignable to type 'ColumnFilterItem'.
              Types of property 'children' are incompatible.
                Type 'unknown[] | (((props: Record<string, unknown>) => unknown[]) & (() => unknown[]) & (() => unknown[])) | undefined' is not assignable to type 'ColumnFilterItem[] | undefined'.
                  Type 'unknown[]' is not assignable to type 'ColumnFilterItem[]'.
                    Type 'unknown' is not assignable to type 'ColumnFilterItem'.
src/components/Table/src/hooks/useColumns.ts(20,7): error TS2322: Type 'DataIndex | undefined' is not assignable to type 'Key | undefined'.
  Type 'readonly (string | number)[]' is not assignable to type 'Key | undefined'.
src/components/Table/src/hooks/useColumns.ts(370,27): error TS2345: Argument of type 'string' is not assignable to parameter of type 'Dayjs'.
src/components/Table/src/hooks/useColumnsCache.ts(105,45): error TS2538: Type 'readonly (string | number)[]' cannot be used as an index type.
src/components/Table/src/hooks/useColumnsCache.ts(106,48): error TS2538: Type 'readonly (string | number)[]' cannot be used as an index type.
src/components/Table/src/hooks/useCustomRow.ts(65,17): error TS18048: 'rowSelection' is possibly 'undefined'.
src/components/Table/src/hooks/useCustomRow.ts(66,30): error TS18048: 'rowSelection' is possibly 'undefined'.
src/components/Table/src/hooks/useDataSource.ts(317,5): error TS2322: Type 'T[]' is not assignable to type 'Recordable<any>[]'.
  Type 'T' is not assignable to type 'Recordable<any>'.
src/components/Table/src/hooks/useTable.ts(69,9): error TS2322: Type '{ reload: (opt?: FetchParams) => Promise<void>; setProps: (props: Partial<BasicTableProps>) => void; redoHeight: () => void; setLoading: (loading: boolean) => void; getDataSource: () => T[]; ... 24 more ...; getTableRef: () => Ref<...>; }' is not assignable to type 'TableActionType & { getForm: () => FormActionType; } & { getTableRef: () => any; }'.
  Type '{ reload: (opt?: FetchParams | undefined) => Promise<void>; setProps: (props: Partial<BasicTableProps<any>>) => void; redoHeight: () => void; ... 26 more ...; getTableRef: () => Ref<...>; }' is missing the following properties from type 'TableActionType': getColumnsRef, getBindValuesRef
src/components/Time/src/Time.vue(60,43): error TS2345: Argument of type 'string | number | Date | null | undefined' is not assignable to parameter of type 'Dayjs | undefined'.
  Type 'null' is not assignable to type 'Dayjs | undefined'.
src/components/Time/src/Time.vue(62,39): error TS2345: Argument of type 'string | number | Date | null | undefined' is not assignable to parameter of type 'Dayjs | undefined'.
  Type 'null' is not assignable to type 'Dayjs | undefined'.
src/components/Tinymce/src/Editor.vue(15,46): error TS2339: Property 'showUploadMask' does not exist on type 'CreateComponentPublicInstanceWithMixins<ToResolvedProps<{}, ("change" | "update:modelValue" | "inited" | "init-error")[]>, { prefixCls: string; containerWidth: ComputedRef<any>; initOptions: ComputedRef<...>; ... 12 more ...; processMaskRef: Ref<...>; }, ... 23 more ..., {} | { ...; }>'.
  Property 'showUploadMask' does not exist on type '{ $: ComponentInternalInstance; $data: {}; $props: Partial<{} | { [x: string]: any; }> & Omit<{ readonly onChange?: ((...args: any[]) => any) | undefined; readonly "onUpdate:modelValue"?: ((...args: any[]) => any) | undefined; readonly onInited?: ((...args: any[]) => any) | undefined; readonly "onInit-error"?: ((......'.
src/components/Tinymce/src/Editor.vue(140,17): error TS2339: Property 'height' does not exist on type 'LooseRequired<Readonly<{}> & Readonly<{ onChange?: ((...args: any[]) => any) | undefined; "onUpdate:modelValue"?: ((...args: any[]) => any) | undefined; onInited?: ((...args: any[]) => any) | undefined; "onInit-error"?: ((...args: any[]) => any) | undefined; }> & {}>'.
src/components/Tinymce/src/Editor.vue(140,25): error TS2339: Property 'options' does not exist on type 'LooseRequired<Readonly<{}> & Readonly<{ onChange?: ((...args: any[]) => any) | undefined; "onUpdate:modelValue"?: ((...args: any[]) => any) | undefined; onInited?: ((...args: any[]) => any) | undefined; "onInit-error"?: ((...args: any[]) => any) | undefined; }> & {}>'.
src/components/Tinymce/src/Editor.vue(140,34): error TS2339: Property 'toolbar' does not exist on type 'LooseRequired<Readonly<{}> & Readonly<{ onChange?: ((...args: any[]) => any) | undefined; "onUpdate:modelValue"?: ((...args: any[]) => any) | undefined; onInited?: ((...args: any[]) => any) | undefined; "onInit-error"?: ((...args: any[]) => any) | undefined; }> & {}>'.
src/components/Tinymce/src/Editor.vue(140,43): error TS2339: Property 'plugins' does not exist on type 'LooseRequired<Readonly<{}> & Readonly<{ onChange?: ((...args: any[]) => any) | undefined; "onUpdate:modelValue"?: ((...args: any[]) => any) | undefined; onInited?: ((...args: any[]) => any) | undefined; "onInit-error"?: ((...args: any[]) => any) | undefined; }> & {}>'.
src/components/Tinymce/src/Editor.vue(140,52): error TS2339: Property 'menubar' does not exist on type 'LooseRequired<Readonly<{}> & Readonly<{ onChange?: ((...args: any[]) => any) | undefined; "onUpdate:modelValue"?: ((...args: any[]) => any) | undefined; onInited?: ((...args: any[]) => any) | undefined; "onInit-error"?: ((...args: any[]) => any) | undefined; }> & {}>'.
src/components/Tinymce/src/Editor.vue(182,29): error TS2339: Property 'autoFocus' does not exist on type 'LooseRequired<Readonly<{}> & Readonly<{ onChange?: ((...args: any[]) => any) | undefined; "onUpdate:modelValue"?: ((...args: any[]) => any) | undefined; onInited?: ((...args: any[]) => any) | undefined; "onInit-error"?: ((...args: any[]) => any) | undefined; }> & {}>'.
src/components/Tinymce/src/Editor.vue(299,17): error TS2339: Property 'options' does not exist on type 'LooseRequired<Readonly<{}> & Readonly<{ onChange?: ((...args: any[]) => any) | undefined; "onUpdate:modelValue"?: ((...args: any[]) => any) | undefined; onInited?: ((...args: any[]) => any) | undefined; "onInit-error"?: ((...args: any[]) => any) | undefined; }> & {}>'.
src/components/Tinymce/src/Editor.vue(443,22): error TS2339: Property 'showUploadMask' does not exist on type 'LooseRequired<Readonly<{}> & Readonly<{ onChange?: ((...args: any[]) => any) | undefined; "onUpdate:modelValue"?: ((...args: any[]) => any) | undefined; onInited?: ((...args: any[]) => any) | undefined; "onInit-error"?: ((...args: any[]) => any) | undefined; }> & {}>'.
src/components/Tinymce/src/Editor.vue(446,19): error TS2339: Property 'showUploadMask' does not exist on type 'LooseRequired<Readonly<{}> & Readonly<{ onChange?: ((...args: any[]) => any) | undefined; "onUpdate:modelValue"?: ((...args: any[]) => any) | undefined; onInited?: ((...args: any[]) => any) | undefined; "onInit-error"?: ((...args: any[]) => any) | undefined; }> & {}>'.
src/components/Tree/src/BasicTree.vue(163,11): error TS2322: Type 'BuildPropType<(new (...args: any[]) => ContextMenuItem[]) | (() => ContextMenuItem[]) | (PropConstructor<ContextMenuItem[]> | null)[], unknown, unknown>' is not assignable to type 'ContextMenuItem[] | undefined'.
  Type 'null' is not assignable to type 'ContextMenuItem[] | undefined'.
src/components/Tree/src/BasicTree.vue(166,84): error TS2339: Property 'hidden' does not exist on type 'ContextMenuItem'.
src/components/Tree/src/BasicTree.vue(290,32): error TS2769: No overload matches this call.
  Overload 1 of 2, '(s: string | number, radix?: number | undefined): number', gave the following error.
    Argument of type 'BuildPropType<(new (...args: any[]) => string | number) | (() => string | number) | (PropConstructor<string | number> | null)[], unknown, unknown>' is not assignable to parameter of type 'string | number'.
      Type 'null' is not assignable to type 'string | number'.
  Overload 2 of 2, '(string: string, radix?: number | undefined): number', gave the following error.
    Argument of type 'BuildPropType<(new (...args: any[]) => string | number) | (() => string | number) | (PropConstructor<string | number> | null)[], unknown, unknown>' is not assignable to parameter of type 'string'.
      Type 'null' is not assignable to type 'string'.
src/components/Tree/src/BasicTree.vue(440,61): error TS2339: Property 'multiple' does not exist on type 'Pick<{ expandedKeys: KeyType[]; selectedKeys: KeyType[]; checkedKeys: KeyType[] | { checked: string[] | number[]; halfChecked: string[] | number[]; }; checkStrictly: boolean; ... 26 more ...; blockNode: boolean; }, "search" | ... 28 more ... | "blockNode">'.
src/components/Tree/src/BasicTree.vue(449,17): error TS2322: Type 'BuildPropType<(new (...args: any[]) => string | string[]) | (() => string | string[]) | (PropConstructor<string | string[]> | null)[], unknown, unknown>' is not assignable to type 'string | string[] | undefined'.
  Type 'null' is not assignable to type 'string | string[] | undefined'.
src/components/Tree/src/components/TreeHeader.vue(23,18): error TS2322: Type '(e: { key: ToolbarEnum; }) => void' is not assignable to type 'MenuClickEventHandler'.
  Types of parameters 'e' and 'info' are incompatible.
    Type 'MenuInfo' is not assignable to type '{ key: ToolbarEnum; }'.
      Types of property 'key' are incompatible.
        Type 'Key' is not assignable to type 'ToolbarEnum'.
          Type 'string' is not assignable to type 'ToolbarEnum'.
src/components/Tree_backup/src/Tree.vue(38,9): error TS2322: Type 'boolean | undefined' is not assignable to type 'boolean'.
  Type 'undefined' is not assignable to type 'boolean'.
src/components/Tree_backup/src/Tree.vue(280,9): error TS2322: Type 'boolean | undefined' is not assignable to type 'boolean'.
  Type 'undefined' is not assignable to type 'boolean'.
src/components/Tree_backup/src/TreeHeader.vue(21,18): error TS2322: Type '(e: MenuInfo) => void' is not assignable to type 'MenuClickEventHandler'.
  Types of parameters 'e' and 'info' are incompatible.
    Type 'import("D:/vibecoding/jeecgBoot/jeecgboot-vue3/node_modules/.pnpm/ant-design-vue@4.2.6_vue@3.5.27_typescript@5.9.3_/node_modules/ant-design-vue/es/menu/src/interface").MenuInfo' is not assignable to type 'MenuInfo'.
      Types of property 'key' are incompatible.
        Type 'Key' is not assignable to type 'ToolbarEnum'.
          Type 'string' is not assignable to type 'ToolbarEnum'.
src/components/Tree_backup/src/typing.ts(1,29): error TS2614: Module '"ant-design-vue/es/tree/Tree"' has no exported member 'CheckEvent'. Did you mean to use 'import CheckEvent from "ant-design-vue/es/tree/Tree"' instead?
src/components/wordtpl/DocDesign.vue(837,25): error TS2345: Argument of type 'HTMLTableCellElement' is not assignable to parameter of type 'never'.
src/hooks/system/useListPage.ts(80,53): error TS2349: This expression is not callable.
  Not all constituents of type 'Fn<any, any> | Ref<Fn<any, any> | undefined, Fn<any, any> | undefined> | ComputedRef<Fn<any, any> | undefined>' are callable.
    Type 'Ref<Fn<any, any> | undefined, Fn<any, any> | undefined>' has no call signatures.
src/hooks/system/useListPage.ts(111,47): error TS2339: Property 'setting' does not exist on type 'TableSetting | Ref<TableSetting | undefined, TableSetting | undefined> | ComputedRef<TableSetting | undefined>'.
  Property 'setting' does not exist on type 'Ref<TableSetting | undefined, TableSetting | undefined>'.
src/hooks/web/useCopyToClipboard.ts(55,21): error TS2769: No overload matches this call.
  Overload 1 of 2, '(message?: string | undefined, options?: ErrorOptions | undefined): Error', gave the following error.
    Argument of type 'unknown' is not assignable to parameter of type 'string | undefined'.
  Overload 2 of 2, '(message?: string | undefined): Error', gave the following error.
    Argument of type 'unknown' is not assignable to parameter of type 'string | undefined'.
src/hooks/web/useI18n.ts(42,12): error TS2349: This expression is not callable.
  Each member of the union type 'ComposerTranslation<Record<string, unknown>, unknown, RemoveIndexSignature<{ [x: string]: LocaleMessageValue<VueMessageType>; }>, never, never, never> | VueI18nTranslation<...>' has signatures, but none of those signatures are compatible with each other.
src/hooks/web/usePermission.ts(72,5): error TS2554: Expected 1 arguments, but got 0.
src/hooks/web/useWebSocket.ts(4,24): error TS2305: Module '"@vueuse/core"' has no exported member 'WebSocketResult'.
src/layouts/default/header/components/Breadcrumb.vue(41,25): error TS2464: A computed property name must be of type 'string', 'number', 'symbol', or 'any'.
src/layouts/default/header/components/notify/ChangePasswordModal.vue(13,29): error TS2353: Object literal may only specify known properties, and 'style' does not exist in type 'Partial<ExtractPropTypes<{ prefixCls: StringConstructor; type: PropType<ButtonType>; htmlType: { type: PropType<ButtonHTMLType>; default: string; }; ... 12 more ...; onMousedown: { ...; }; }>>'.
src/layouts/default/header/components/notify/index_old.vue(49,43): error TS2459: Module '"/@/hooks/web/useWebSocket"' declares 'result' locally, but it is not exported.
src/layouts/default/header/components/notify/NoticeList.vue(72,7): error TS2464: A computed property name must be of type 'string', 'number', 'symbol', or 'any'.
src/layouts/default/header/components/notify/NoticeList.vue(73,7): error TS2464: A computed property name must be of type 'string', 'number', 'symbol', or 'any'.
src/layouts/default/header/components/notify/NoticeList.vue(74,7): error TS2464: A computed property name must be of type 'string', 'number', 'symbol', or 'any'.
src/layouts/default/header/components/notify/NoticeList.vue(77,7): error TS2464: A computed property name must be of type 'string', 'number', 'symbol', or 'any'.
src/layouts/default/header/components/notify/NoticeList.vue(124,13): error TS2365: Operator '>' cannot be applied to types 'Number | Boolean' and 'number'.
src/layouts/default/header/components/notify/NoticeList.vue(124,37): error TS2365: Operator '>' cannot be applied to types 'number' and 'Number | Boolean'.
src/layouts/default/header/components/user-dropdown/DepartSelect.vue(202,9): error TS2794: Expected 1 arguments, but got 0. Did you forget to include 'void' in your type argument to 'Promise'?
src/layouts/default/header/components/user-dropdown/DepartSelect.vue(212,11): error TS2794: Expected 1 arguments, but got 0. Did you forget to include 'void' in your type argument to 'Promise'?
src/layouts/default/header/components/user-dropdown/index.vue(13,14): error TS2322: Type '(e: { key: MenuEvent; }) => void' is not assignable to type 'MenuClickEventHandler'.
  Types of parameters 'e' and 'info' are incompatible.
    Type 'MenuInfo' is not assignable to type '{ key: MenuEvent; }'.
      Types of property 'key' are incompatible.
        Type 'Key' is not assignable to type 'MenuEvent'.
          Type 'string' is not assignable to type 'MenuEvent'.
src/layouts/default/setting/components/SelectItem.vue(4,67): error TS2322: Type '(e: ChangeEvent) => void' is not assignable to type '(value: SelectValue, option: DefaultOptionType | DefaultOptionType[]) => void'.
  Types of parameters 'e' and 'value' are incompatible.
    Type 'SelectValue' is not assignable to type 'ChangeEvent'.
      Type 'undefined' is not assignable to type 'ChangeEvent'.
src/layouts/default/setting/components/SettingFooter.vue(67,31): error TS2345: Argument of type 'unknown' is not assignable to parameter of type 'JointContent'.
src/layouts/default/setting/components/SwitchItem.vue(6,8): error TS2322: Type '(e: ChangeEvent) => void' is not assignable to type '(checked: CheckedType, e: Event) => void'.
  Types of parameters 'e' and 'checked' are incompatible.
    Type 'CheckedType' is not assignable to type 'ChangeEvent'.
      Type 'string' is not assignable to type 'ChangeEvent'.
src/layouts/default/sider/index.vue(7,6): error TS2322: Type 'null' is not assignable to type 'string | false | HTMLElement | getContainerFunc | undefined'.
src/locales/useLocale.ts(35,60): error TS2339: Property 'antdLocale' does not exist on type '{}'.
src/router/helper/routeHelper.ts(246,34): error TS2304: Cannot find name 'T'.
src/store/modules/errorLog.ts(34,32): error TS2345: Argument of type 'Date' is not assignable to parameter of type 'Dayjs'.
  Type 'Date' is missing the following properties from type 'Dayjs': clone, isValid, year, month, and 28 more.
src/store/modules/user.ts(75,7): error TS2322: Type '[] | dictType' is not assignable to type '[]'.
  Type 'dictType' is not assignable to type '[]'.
src/store/modules/user.ts(253,15): error TS2339: Property 'userInfo' does not exist on type 'void | GetUserInfoModel'.
src/store/modules/user.ts(253,25): error TS2339: Property 'sysAllDictItems' does not exist on type 'void | GetUserInfoModel'.
src/store/modules/user.ts(314,61): error TS2322: Type 'unknown' is not assignable to type 'LocationQueryValueRaw | LocationQueryValueRaw[]'.
src/utils/bem.ts(18,24): error TS2558: Expected 0 type arguments, but got 1.
src/utils/dict/index.ts(18,41): error TS2571: Object is of type 'unknown'.
src/utils/dict/index.ts(19,12): error TS2571: Object is of type 'unknown'.
src/utils/helper/validator.ts(33,10): error TS2304: Cannot find name 'ArrayRule'.
src/utils/helper/validator.ts(125,10): error TS2304: Cannot find name 'ArrayRule'.
src/utils/http/axios/Axios.ts(79,49): error TS2345: Argument of type '(config: AxiosRequestConfig) => AxiosRequestConfig<any>' is not assignable to parameter of type 'AxiosInterceptorFulfilled<InternalAxiosRequestConfig<any>>'.
  Type 'AxiosRequestConfig<any>' is not assignable to type 'InternalAxiosRequestConfig<any> | Promise<InternalAxiosRequestConfig<any>>'.
    Type 'AxiosRequestConfig<any>' is not assignable to type 'InternalAxiosRequestConfig<any>'.
      Types of property 'headers' are incompatible.
        Type 'AxiosHeaders | (Partial<RawAxiosHeaders & { Accept: AxiosHeaderValue; "Content-Length": AxiosHeaderValue; "User-Agent": AxiosHeaderValue; "Content-Encoding": AxiosHeaderValue; Authorization: AxiosHeaderValue; Location: AxiosHeaderValue; } & { ...; }> & Partial<...>) | undefined' is not assignable to type 'AxiosRequestHeaders'.
          Type 'undefined' is not assignable to type 'AxiosRequestHeaders'.
            Type 'undefined' is not assignable to type 'Partial<RawAxiosHeaders & { Accept: AxiosHeaderValue; "Content-Length": AxiosHeaderValue; "User-Agent": AxiosHeaderValue; "Content-Encoding": AxiosHeaderValue; Authorization: AxiosHeaderValue; Location: AxiosHeaderValue; } & { ...; }>'.
src/utils/http/axios/Axios.ts(139,30): error TS18048: 'params.data' is possibly 'undefined'.
src/utils/http/axios/Axios.ts(227,22): error TS2339: Property 'success' does not exist on type 'AxiosRequestConfig<any>'.
src/utils/http/axios/Axios.ts(227,40): error TS2339: Property 'success' does not exist on type 'AxiosRequestConfig<any>'.
src/utils/http/axios/helper.ts(38,27): error TS2769: No overload matches this call.
  Overload 1 of 2, '(message?: string | undefined, options?: ErrorOptions | undefined): Error', gave the following error.
    Argument of type 'unknown' is not assignable to parameter of type 'string | undefined'.
  Overload 2 of 2, '(message?: string | undefined): Error', gave the following error.
    Argument of type 'unknown' is not assignable to parameter of type 'string | undefined'.
src/utils/http/axios/index.ts(53,36): error TS2339: Property 'success' does not exist on type 'Result<any>'.
src/utils/http/axios/index.ts(249,23): error TS2769: No overload matches this call.
  Overload 1 of 2, '(message?: string | undefined, options?: ErrorOptions | undefined): Error', gave the following error.
    Argument of type 'unknown' is not assignable to parameter of type 'string | undefined'.
  Overload 2 of 2, '(message?: string | undefined): Error', gave the following error.
    Argument of type 'unknown' is not assignable to parameter of type 'string | undefined'.
src/utils/props.ts(134,11): error TS18047: 'type' is possibly 'null'.
src/utils/props.ts(181,49): error TS2769: No overload matches this call.
  Overload 1 of 2, '(o: {}): string[]', gave the following error.
    Argument of type 'T' is not assignable to parameter of type '{}'.
  Overload 2 of 2, '(o: object): string[]', gave the following error.
    Argument of type 'T' is not assignable to parameter of type 'object'.
src/views/dashboard/Analysis/components/BdcTabCard.vue(73,19): error TS2345: Argument of type '{ name: string; total: number; }' is not assignable to parameter of type 'never'.
src/views/dashboard/Analysis/components/BdcTabCard.vue(81,18): error TS2345: Argument of type '{ name: string; value: number; }' is not assignable to parameter of type 'never'.
src/views/dashboard/Analysis/components/BdcTabCard.vue(89,25): error TS2345: Argument of type '{ type: string; name: string; value: number; }' is not assignable to parameter of type 'never'.
src/views/dashboard/Analysis/components/SaleTabCard.vue(55,19): error TS2345: Argument of type '{ name: string; total: number; }' is not assignable to parameter of type 'never'.
src/views/dashboard/Analysis/components/SaleTabCard.vue(63,18): error TS2345: Argument of type '{ name: string; value: number; }' is not assignable to parameter of type 'never'.
src/views/dashboard/Analysis/components/VisitRadar.vue(64,13): error TS2322: Type '{ type: "custom"; symbolSize: number; areaStyle: { shadowBlur: number; shadowColor: string; shadowOffsetX: number; shadowOffsetY: number; opacity: number; }; data: { value: number[]; name: string; itemStyle: { ...; }; }[]; }[]' is not assignable to type 'SeriesOption$1 | SeriesOption$1[] | undefined'.
  Type '{ type: "custom"; symbolSize: number; areaStyle: { shadowBlur: number; shadowColor: string; shadowOffsetX: number; shadowOffsetY: number; opacity: number; }; data: { value: number[]; name: string; itemStyle: { ...; }; }[]; }[]' is not assignable to type 'TreeSeriesOption$1 | MapSeriesOption$1 | LineSeriesOption$1 | BarSeriesOption$1 | PieSeriesOption$1 | ... 17 more ... | SeriesOption$1[]'.
    Type '{ type: "custom"; symbolSize: number; areaStyle: { shadowBlur: number; shadowColor: string; shadowOffsetX: number; shadowOffsetY: number; opacity: number; }; data: { value: number[]; name: string; itemStyle: { ...; }; }[]; }[]' is not assignable to type 'SeriesOption$1[]'.
      Object literal may only specify known properties, and 'symbolSize' does not exist in type 'CustomSeriesOption$1'.
src/views/dashboard/Analysis/homePage/IndexChart.vue(9,75): error TS2339: Property 'todayIp' does not exist on type '{}'.
src/views/dashboard/Analysis/homePage/IndexChart.vue(10,78): error TS2339: Property 'todayVisitCount' does not exist on type '{}'.
src/views/dashboard/Analysis/homePage/IndexChart.vue(11,79): error TS2339: Property 'totalVisitCount' does not exist on type '{}'.
src/views/dashboard/Analysis/homePage/IndexChart.vue(25,44): error TS5097: An import path can only end with a '.ts' extension when 'allowImportingTsExtensions' is enabled.
src/views/dashboard/Analysis/homePage/IndexTask.vue(304,7): error TS2531: Object is possibly 'null'.
src/views/dashboard/Analysis/homePage/IndexTask.vue(305,7): error TS2531: Object is possibly 'null'.
src/views/dashboard/workbench/components/SaleRadar.vue(64,13): error TS2322: Type '{ type: "custom"; symbolSize: number; areaStyle: { shadowBlur: number; shadowColor: string; shadowOffsetX: number; shadowOffsetY: number; opacity: number; }; data: { value: number[]; name: string; itemStyle: { ...; }; }[]; }[]' is not assignable to type 'SeriesOption$1 | SeriesOption$1[] | undefined'.
  Type '{ type: "custom"; symbolSize: number; areaStyle: { shadowBlur: number; shadowColor: string; shadowOffsetX: number; shadowOffsetY: number; opacity: number; }; data: { value: number[]; name: string; itemStyle: { ...; }; }[]; }[]' is not assignable to type 'TreeSeriesOption$1 | MapSeriesOption$1 | LineSeriesOption$1 | BarSeriesOption$1 | PieSeriesOption$1 | ... 17 more ... | SeriesOption$1[]'.
    Type '{ type: "custom"; symbolSize: number; areaStyle: { shadowBlur: number; shadowColor: string; shadowOffsetX: number; shadowOffsetY: number; opacity: number; }; data: { value: number[]; name: string; itemStyle: { ...; }; }[]; }[]' is not assignable to type 'SeriesOption$1[]'.
      Object literal may only specify known properties, and 'symbolSize' does not exist in type 'CustomSeriesOption$1'.
src/views/demo/charts/SaleRadar.vue(67,17): error TS2322: Type '{ type: "custom"; symbolSize: number; areaStyle: { shadowBlur: number; shadowColor: string; shadowOffsetX: number; shadowOffsetY: number; opacity: number; }; data: { value: number[]; name: string; itemStyle: { ...; }; }[]; }[]' is not assignable to type 'SeriesOption$1 | SeriesOption$1[] | undefined'.
  Type '{ type: "custom"; symbolSize: number; areaStyle: { shadowBlur: number; shadowColor: string; shadowOffsetX: number; shadowOffsetY: number; opacity: number; }; data: { value: number[]; name: string; itemStyle: { ...; }; }[]; }[]' is not assignable to type 'TreeSeriesOption$1 | MapSeriesOption$1 | LineSeriesOption$1 | BarSeriesOption$1 | PieSeriesOption$1 | ... 17 more ... | SeriesOption$1[]'.
    Type '{ type: "custom"; symbolSize: number; areaStyle: { shadowBlur: number; shadowColor: string; shadowOffsetX: number; shadowOffsetY: number; opacity: number; }; data: { value: number[]; name: string; itemStyle: { ...; }; }[]; }[]' is not assignable to type 'SeriesOption$1[]'.
      Object literal may only specify known properties, and 'symbolSize' does not exist in type 'CustomSeriesOption$1'.
src/views/demo/codemirror/index.vue(57,33): error TS2345: Argument of type 'null' is not assignable to parameter of type 'HTMLTextAreaElement'.
src/views/demo/comp/loading/index.vue(7,26): error TS2339: Property 'loading' does not exist on type 'CreateComponentPublicInstanceWithMixins<ToResolvedProps<{}, {}>, { openCompFullLoading: () => void; openFnFullLoading: () => void; openFnWrapLoading: () => void; openCompAbsolute: () => void; wrapEl: Ref<ElRef<HTMLDivElement>, ElRef<...>>; loadingRef: Ref<...>; openDirectiveLoading: () => void; }, ... 23 more ..., {}>'.
src/views/demo/comp/loading/index.vue(7,46): error TS2339: Property 'absolute' does not exist on type 'CreateComponentPublicInstanceWithMixins<ToResolvedProps<{}, {}>, { openCompFullLoading: () => void; openFnFullLoading: () => void; openFnWrapLoading: () => void; openCompAbsolute: () => void; wrapEl: Ref<ElRef<HTMLDivElement>, ElRef<...>>; loadingRef: Ref<...>; openDirectiveLoading: () => void; }, ... 23 more ..., {}>'.
src/views/demo/comp/loading/index.vue(7,64): error TS2339: Property 'theme' does not exist on type 'CreateComponentPublicInstanceWithMixins<ToResolvedProps<{}, {}>, { openCompFullLoading: () => void; openFnFullLoading: () => void; openFnWrapLoading: () => void; openCompAbsolute: () => void; wrapEl: Ref<ElRef<HTMLDivElement>, ElRef<...>>; loadingRef: Ref<...>; openDirectiveLoading: () => void; }, ... 23 more ..., {}>'.
src/views/demo/comp/loading/index.vue(7,84): error TS2339: Property 'background' does not exist on type 'CreateComponentPublicInstanceWithMixins<ToResolvedProps<{}, {}>, { openCompFullLoading: () => void; openFnFullLoading: () => void; openFnWrapLoading: () => void; openCompAbsolute: () => void; wrapEl: Ref<ElRef<HTMLDivElement>, ElRef<...>>; loadingRef: Ref<...>; openDirectiveLoading: () => void; }, ... 23 more ..., {}>'.
src/views/demo/comp/loading/index.vue(7,102): error TS2339: Property 'tip' does not exist on type 'CreateComponentPublicInstanceWithMixins<ToResolvedProps<{}, {}>, { openCompFullLoading: () => void; openFnFullLoading: () => void; openFnWrapLoading: () => void; openCompAbsolute: () => void; wrapEl: Ref<ElRef<HTMLDivElement>, ElRef<...>>; loadingRef: Ref<...>; openDirectiveLoading: () => void; }, ... 23 more ..., {}>'.
src/views/demo/comp/loading/index.vue(26,41): error TS2464: A computed property name must be of type 'string', 'number', 'symbol', or 'any'.
src/views/demo/comp/time/index.vue(4,21): error TS2339: Property 'time1' does not exist on type 'CreateComponentPublicInstanceWithMixins<ToResolvedProps<{}, {}>, { now: number; }, {}, {}, {}, ComponentOptionsMixin, ComponentOptionsMixin, {}, ... 17 more ..., {}>'.
src/views/demo/comp/time/index.vue(6,21): error TS2339: Property 'time2' does not exist on type 'CreateComponentPublicInstanceWithMixins<ToResolvedProps<{}, {}>, { now: number; }, {}, {}, {}, ComponentOptionsMixin, ComponentOptionsMixin, {}, ... 17 more ..., {}>'.
src/views/demo/comp/upload/index.vue(35,56): error TS2464: A computed property name must be of type 'string', 'number', 'symbol', or 'any'.
src/views/demo/document/table/EditRowTableDemo.vue(233,52): error TS2554: Expected 2 arguments, but got 3.
src/views/demo/document/table/EditRowTableDemo.vue(239,56): error TS2554: Expected 2 arguments, but got 3.
src/views/demo/document/table/MergeTableDemo.vue(22,18): error TS18048: 'index' is possibly 'undefined'.
src/views/demo/document/table/MergeTableDemo.vue(31,7): error TS2322: Type '(record: Recordable<any>, index: number | undefined, column: ColumnType<any> | undefined) => { colSpan: number; } | undefined' is not assignable to type 'GetComponentProps<Recordable<any>>'.
  Type '{ colSpan: number; } | undefined' is not assignable to type 'AdditionalProps'.
    Type 'undefined' is not assignable to type 'AdditionalProps'.
      Type 'undefined' is not assignable to type 'TdHTMLAttributes'.
src/views/demo/document/table/MergeTableDemo.vue(40,7): error TS2322: Type '(record: Recordable<any>, index: number | undefined, column: ColumnType<any> | undefined) => { colSpan: number; } | undefined' is not assignable to type 'GetComponentProps<Recordable<any>>'.
  Type '{ colSpan: number; } | undefined' is not assignable to type 'AdditionalProps'.
    Type 'undefined' is not assignable to type 'AdditionalProps'.
      Type 'undefined' is not assignable to type 'TdHTMLAttributes'.
src/views/demo/document/table/MergeTableDemo.vue(50,7): error TS2322: Type '(record: Recordable<any>, index: number | undefined, column: ColumnType<any> | undefined) => { rowSpan: number; colSpan?: undefined; } | { colSpan: number; rowSpan?: undefined; } | undefined' is not assignable to type 'GetComponentProps<Recordable<any>>'.
  Type '{ rowSpan: number; colSpan?: undefined; } | { colSpan: number; rowSpan?: undefined; } | undefined' is not assignable to type 'AdditionalProps'.
    Type 'undefined' is not assignable to type 'AdditionalProps'.
      Type 'undefined' is not assignable to type 'TdHTMLAttributes'.
src/views/demo/document/table/MergeTableDemo.vue(66,7): error TS2322: Type '(record: Recordable<any>, index: number | undefined, column: ColumnType<any> | undefined) => { colSpan: number; } | undefined' is not assignable to type 'GetComponentProps<Recordable<any>>'.
  Type '{ colSpan: number; } | undefined' is not assignable to type 'AdditionalProps'.
    Type 'undefined' is not assignable to type 'AdditionalProps'.
      Type 'undefined' is not assignable to type 'TdHTMLAttributes'.
src/views/demo/document/table/SelectTableDemo.vue(64,36): error TS2304: Cannot find name 'ActionItem'.
src/views/demo/editor/json/index.vue(6,69): error TS2322: Type '(e: ChangeEvent) => void' is not assignable to type '(e: RadioChangeEvent) => void'.
  Types of parameters 'e' and 'e' are incompatible.
    Type 'RadioChangeEvent' is missing the following properties from type 'ChangeEvent': bubbles, cancelBubble, cancelable, composed, and 15 more.
src/views/demo/feat/download/index.vue(24,32): error TS2464: A computed property name must be of type 'string', 'number', 'symbol', or 'any'.
src/views/demo/feat/tabs/index.vue(12,44): error TS2554: Expected 1 arguments, but got 0.
src/views/demo/feat/tabs/index.vue(13,44): error TS2554: Expected 1 arguments, but got 0.
src/views/demo/feat/tabs/index.vue(14,44): error TS2554: Expected 1 arguments, but got 0.
src/views/demo/feat/tabs/index.vue(15,44): error TS2554: Expected 1 arguments, but got 0.
src/views/demo/feat/tabs/index.vue(36,51): error TS2464: A computed property name must be of type 'string', 'number', 'symbol', or 'any'.
src/views/demo/feat/tabs/index.vue(36,72): error TS2464: A computed property name must be of type 'string', 'number', 'symbol', or 'any'.
src/views/demo/feat/ws/index.vue(12,35): error TS2339: Property 'server' does not exist on type 'CreateComponentPublicInstanceWithMixins<ToResolvedProps<{}, {}>, { handlerSend: () => void; getList: ComputedRef<any[]>; toggle: () => void; getIsOpen: ComputedRef<boolean>; getTagColor: ComputedRef<...>; status: Ref<...>; formatToDateTime: (date?: Dayjs | undefined, format?: string) => string; }, ... 23 more ..., {}>'.
src/views/demo/feat/ws/index.vue(22,88): error TS2339: Property 'sendValue' does not exist on type 'CreateComponentPublicInstanceWithMixins<ToResolvedProps<{}, {}>, { handlerSend: () => void; getList: ComputedRef<any[]>; toggle: () => void; getIsOpen: ComputedRef<boolean>; getTagColor: ComputedRef<...>; status: Ref<...>; formatToDateTime: (date?: Dayjs | undefined, format?: string) => string; }, ... 23 more ..., {}>'.
src/views/demo/feat/ws/index.vue(58,7): error TS2464: A computed property name must be of type 'string', 'number', 'symbol', or 'any'.
src/views/demo/form/AppendForm.vue(22,62): error TS2464: A computed property name must be of type 'string', 'number', 'symbol', or 'any'.
src/views/demo/form/CustomerForm.vue(65,62): error TS2464: A computed property name must be of type 'string', 'number', 'symbol', or 'any'.
src/views/demo/jeecg/InnerExpandTable.vue(3,79): error TS2322: Type '{ type: string; columnWidth: number; selectedRowKeys: Ref<any, any>; onChange: (selectedRowKeys: (string | number)[]) => void; }' is not assignable to type 'TableRowSelection<any>'.
  Types of property 'type' are incompatible.
    Type 'string' is not assignable to type 'RowSelectionType | undefined'.
src/views/demo/jeecg/InnerExpandTable.vue(8,76): error TS2322: Type '({ title: string; align: string; width: number; dataIndex: string; key: string; customRender?: undefined; } | { title: string; align: string; dataIndex: string; customRender: (text: any) => any; width?: undefined; key?: undefined; } | { ...; })[]' is not assignable to type 'BasicColumn[]'.
  Type '{ title: string; align: string; width: number; dataIndex: string; key: string; customRender?: undefined; } | { title: string; align: string; dataIndex: string; customRender: (text: any) => any; width?: undefined; key?: undefined; } | { ...; }' is not assignable to type 'BasicColumn'.
    Type '{ title: string; align: string; width: number; dataIndex: string; key: string; customRender?: undefined; }' is not assignable to type 'BasicColumn'.
      Types of property 'align' are incompatible.
        Type 'string' is not assignable to type 'AlignType | undefined'.
src/views/demo/jeecg/InnerExpandTable.vue(120,5): error TS2322: Type '({ title: string; align: string; dataIndex: string; width: number; customRender?: undefined; } | { title: string; align: string; dataIndex: string; width: number; customRender: ({ text }: { text: any; }) => string; })[]' is not assignable to type 'BasicColumn[] | ComputedRef<BasicColumn[]> | Ref<BasicColumn[], BasicColumn[]> | undefined'.
  Type '({ title: string; align: string; dataIndex: string; width: number; customRender?: undefined; } | { title: string; align: string; dataIndex: string; width: number; customRender: ({ text }: { text: any; }) => string; })[]' is not assignable to type 'BasicColumn[]'.
    Type '{ title: string; align: string; dataIndex: string; width: number; customRender?: undefined; } | { title: string; align: string; dataIndex: string; width: number; customRender: ({ text }: { text: any; }) => string; }' is not assignable to type 'BasicColumn'.
      Type '{ title: string; align: string; dataIndex: string; width: number; customRender?: undefined; }' is not assignable to type 'BasicColumn'.
        Types of property 'align' are incompatible.
          Type 'string' is not assignable to type 'AlignType | undefined'.
src/views/demo/jeecg/JeecgComponents.vue(22,45): error TS2322: Type '{ submit: () => Promise<void>; setFieldsValue: <T>(values: T) => Promise<void>; resetFields: () => Promise<void>; getFieldsValue: () => Recordable<any>; ... 11 more ...; getSchemaComponentProps: (schema: FormSchema) => Recordable<...>; } | null' is not assignable to type 'Record<string, any> | undefined'.
  Type 'null' is not assignable to type 'Record<string, any> | undefined'.
src/views/demo/jeecg/JeecgComponents.vue(27,10): error TS2322: Type '{ submit: () => Promise<void>; setFieldsValue: <T>(values: T) => Promise<void>; resetFields: () => Promise<void>; getFieldsValue: () => Recordable<any>; ... 11 more ...; getSchemaComponentProps: (schema: FormSchema) => Recordable<...>; } | null' is not assignable to type 'Record<string, any> | undefined'.
  Type 'null' is not assignable to type 'Record<string, any> | undefined'.
src/views/demo/jeecg/JeecgComponents.vue(36,10): error TS2322: Type '{ submit: () => Promise<void>; setFieldsValue: <T>(values: T) => Promise<void>; resetFields: () => Promise<void>; getFieldsValue: () => Recordable<any>; ... 11 more ...; getSchemaComponentProps: (schema: FormSchema) => Recordable<...>; } | null' is not assignable to type 'Record<string, any> | undefined'.
  Type 'null' is not assignable to type 'Record<string, any> | undefined'.
src/views/demo/jeecg/JeecgPdfView.vue(70,9): error TS18047: 'iframe' is possibly 'null'.
src/views/demo/jeecg/JeecgPdfView.vue(70,16): error TS2339: Property 'contentWindow' does not exist on type 'HTMLElement'.
src/views/demo/jeecg/JVxeTableDemo/JVxeDemo5.vue(29,19): error TS2464: A computed property name must be of type 'string', 'number', 'symbol', or 'any'.
src/views/demo/jeecg/Native/one/components/OneNativeModal.vue(8,23): error TS2353: Object literal may only specify known properties, and 'class' does not exist in type 'Partial<ExtractPropTypes<{ prefixCls: StringConstructor; type: PropType<ButtonType>; htmlType: { type: PropType<ButtonHTMLType>; default: string; }; ... 12 more ...; onMousedown: { ...; }; }>>'.
src/views/demo/jeecg/Native/one/OneNativeList.vue(265,50): error TS2339: Property 'join' does not exist on type 'Ref<any, any>'.
src/views/demo/page/account/center/Application.vue(38,7): error TS2464: A computed property name must be of type 'string', 'number', 'symbol', or 'any'.
src/views/demo/page/account/center/Application.vue(39,7): error TS2464: A computed property name must be of type 'string', 'number', 'symbol', or 'any'.
src/views/demo/page/account/center/index.vue(78,7): error TS2464: A computed property name must be of type 'string', 'number', 'symbol', or 'any'.
src/views/demo/page/account/center/index.vue(79,7): error TS2464: A computed property name must be of type 'string', 'number', 'symbol', or 'any'.
src/views/demo/page/account/center/Project.vue(33,7): error TS2464: A computed property name must be of type 'string', 'number', 'symbol', or 'any'.
src/views/demo/page/account/center/Project.vue(34,7): error TS2464: A computed property name must be of type 'string', 'number', 'symbol', or 'any'.
src/views/demo/page/account/setting/BaseSetting.vue(11,14): error TS2322: Type '(params: UploadFileParams, onUploadProgress: (progressEvent: ProgressEvent<EventTarget>) => void) => Promise<any>' is not assignable to type '({ file: Blob, name: string }: { file: any; name: any; }) => Promise<void>'.
  Target signature provides too few arguments. Expected 2 or more, but got 1.
src/views/demo/page/desc/basic/index.vue(31,57): error TS2464: A computed property name must be of type 'string', 'number', 'symbol', or 'any'.
src/views/demo/page/desc/high/index.vue(30,24): error TS2339: Property 'description' does not exist on type 'Readonly<InternalSlots> | Readonly<{ closeIcon: any; tab: any; default: any; }> | Readonly<{ tabBarExtraContent?: any; leftExtra?: any; rightExtra?: any; moreIcon?: any; addIcon?: any; removeIcon?: any; renderTabBar?: any; default?: any; }> | Readonly<...> | Readonly<...> | Readonly<...>'.
src/views/demo/page/desc/high/index.vue(33,24): error TS2339: Property 'description' does not exist on type 'Readonly<InternalSlots> | Readonly<{ closeIcon: any; tab: any; default: any; }> | Readonly<{ tabBarExtraContent?: any; leftExtra?: any; rightExtra?: any; moreIcon?: any; addIcon?: any; removeIcon?: any; renderTabBar?: any; default?: any; }> | Readonly<...> | Readonly<...> | Readonly<...>'.
src/views/demo/page/desc/high/index.vue(98,7): error TS2464: A computed property name must be of type 'string', 'number', 'symbol', or 'any'.
src/views/demo/page/desc/high/index.vue(99,7): error TS2464: A computed property name must be of type 'string', 'number', 'symbol', or 'any'.
src/views/demo/page/desc/high/index.vue(101,7): error TS2464: A computed property name must be of type 'string', 'number', 'symbol', or 'any'.
src/views/demo/page/desc/high/index.vue(102,7): error TS2464: A computed property name must be of type 'string', 'number', 'symbol', or 'any'.
src/views/demo/page/desc/high/index.vue(103,7): error TS2464: A computed property name must be of type 'string', 'number', 'symbol', or 'any'.
src/views/demo/page/desc/high/index.vue(105,7): error TS2464: A computed property name must be of type 'string', 'number', 'symbol', or 'any'.
src/views/demo/page/desc/high/index.vue(106,7): error TS2464: A computed property name must be of type 'string', 'number', 'symbol', or 'any'.
src/views/demo/page/form/high/index.vue(28,56): error TS2464: A computed property name must be of type 'string', 'number', 'symbol', or 'any'.
src/views/demo/page/form/high/PersonTable.vue(115,52): error TS2554: Expected 2 arguments, but got 3.
src/views/demo/page/form/high/PersonTable.vue(121,56): error TS2554: Expected 2 arguments, but got 3.
src/views/demo/page/form/step/index.vue(12,90): error TS2339: Property 'initSetp2' does not exist on type 'CreateComponentPublicInstanceWithMixins<ToResolvedProps<{}, {}>, { current: Ref<number, number>; handleStep1Next: (step1Values: any) => void; handleStep2Next: (step2Values: any) => void; handleRedo: () => void; handleStepPrev: () => void; }, ... 23 more ..., {}>'.
src/views/demo/page/form/step/index.vue(13,62): error TS2339: Property 'initSetp3' does not exist on type 'CreateComponentPublicInstanceWithMixins<ToResolvedProps<{}, {}>, { current: Ref<number, number>; handleStep1Next: (step1Values: any) => void; handleStep2Next: (step2Values: any) => void; handleRedo: () => void; handleStepPrev: () => void; }, ... 23 more ..., {}>'.
src/views/demo/page/form/step/index.vue(32,7): error TS2464: A computed property name must be of type 'string', 'number', 'symbol', or 'any'.
src/views/demo/page/form/step/Step1.vue(38,7): error TS2464: A computed property name must be of type 'string', 'number', 'symbol', or 'any'.
src/views/demo/page/form/step/Step1.vue(40,7): error TS2464: A computed property name must be of type 'string', 'number', 'symbol', or 'any'.
src/views/demo/page/form/step/Step1.vue(41,7): error TS2464: A computed property name must be of type 'string', 'number', 'symbol', or 'any'.
src/views/demo/page/form/step/Step1.vue(42,7): error TS2464: A computed property name must be of type 'string', 'number', 'symbol', or 'any'.
src/views/demo/page/form/step/Step2.vue(23,7): error TS2464: A computed property name must be of type 'string', 'number', 'symbol', or 'any'.
src/views/demo/page/form/step/Step2.vue(24,7): error TS2464: A computed property name must be of type 'string', 'number', 'symbol', or 'any'.
src/views/demo/page/form/step/Step2.vue(25,7): error TS2464: A computed property name must be of type 'string', 'number', 'symbol', or 'any'.
src/views/demo/page/form/step/Step2.vue(26,7): error TS2464: A computed property name must be of type 'string', 'number', 'symbol', or 'any'.
src/views/demo/page/form/step/Step3.vue(24,7): error TS2464: A computed property name must be of type 'string', 'number', 'symbol', or 'any'.
src/views/demo/page/form/step/Step3.vue(25,7): error TS2464: A computed property name must be of type 'string', 'number', 'symbol', or 'any'.
src/views/demo/page/form/step/Step3.vue(26,7): error TS2464: A computed property name must be of type 'string', 'number', 'symbol', or 'any'.
src/views/demo/page/list/basic/index.vue(66,7): error TS2464: A computed property name must be of type 'string', 'number', 'symbol', or 'any'.
src/views/demo/page/list/basic/index.vue(67,7): error TS2464: A computed property name must be of type 'string', 'number', 'symbol', or 'any'.
src/views/demo/page/list/basic/index.vue(69,7): error TS2464: A computed property name must be of type 'string', 'number', 'symbol', or 'any'.
src/views/demo/page/list/basic/index.vue(70,7): error TS2464: A computed property name must be of type 'string', 'number', 'symbol', or 'any'.
src/views/demo/page/list/card/index.vue(44,7): error TS2464: A computed property name must be of type 'string', 'number', 'symbol', or 'any'.
src/views/demo/page/list/card/index.vue(45,7): error TS2464: A computed property name must be of type 'string', 'number', 'symbol', or 'any'.
src/views/demo/page/list/card/index.vue(46,7): error TS2464: A computed property name must be of type 'string', 'number', 'symbol', or 'any'.
src/views/demo/page/list/card/index.vue(47,7): error TS2464: A computed property name must be of type 'string', 'number', 'symbol', or 'any'.
src/views/demo/page/list/card/index.vue(48,7): error TS2464: A computed property name must be of type 'string', 'number', 'symbol', or 'any'.
src/views/demo/page/list/search/index.vue(60,7): error TS2464: A computed property name must be of type 'string', 'number', 'symbol', or 'any'.
src/views/demo/page/list/search/index.vue(61,7): error TS2464: A computed property name must be of type 'string', 'number', 'symbol', or 'any'.
src/views/demo/setup/index.vue(28,17): error TS2322: Type 'Element' is not assignable to type 'string | HTMLElement | null | undefined'.
  Type 'Element' is missing the following properties from type 'HTMLElement': accessKey, accessKeyLabel, autocapitalize, autocorrect, and 129 more.
src/views/demo/setup/index.vue(33,17): error TS2322: Type 'Element' is not assignable to type 'string | HTMLElement | null | undefined'.
  Type 'Element' is missing the following properties from type 'HTMLElement': accessKey, accessKeyLabel, autocapitalize, autocorrect, and 129 more.
src/views/demo/table/EditRowTable.vue(225,52): error TS2554: Expected 2 arguments, but got 3.
src/views/demo/table/EditRowTable.vue(231,56): error TS2554: Expected 2 arguments, but got 3.
src/views/demo/table/tableData.tsx(123,5): error TS2741: Property 'title' is missing in type '{ dataIndex: string; width: number; slots: { title: string; }; }' but required in type 'BasicColumn'.
src/views/demo/table/tableData.tsx(129,5): error TS2741: Property 'title' is missing in type '{ dataIndex: string; width: number; slots: { title: string; }; sorter: true; }' but required in type 'BasicColumn'.
src/views/demo/tree/EditTree.vue(19,23): error TS2305: Module '"/@/components/Tree/index"' has no exported member 'ActionItem'.
src/views/demo/vextable/index2.vue(5,29): error TS2322: Type '"left"' is not assignable to type 'null'.
src/views/demo/vextable/index3.vue(6,21): error TS2322: Type 'string | null' is not assignable to type 'VxeComponentAlignType | undefined'.
  Type 'string' is not assignable to type 'VxeComponentAlignType | undefined'.
src/views/demo/vextable/jvxetable/JVxeTableModal.vue(82,33): error TS5097: An import path can only end with a '.ts' extension when 'allowImportingTsExtensions' is enabled.
src/views/demo/vextable/jvxetable/JVxeTableModal.vue(139,11): error TS2349: This expression is not callable.
  Not all constituents of type 'Ref<any, any> | ((url: any, params: any, tab: any, success: any) => void)' are callable.
    Type 'Ref<any, any>' has no call signatures.
src/views/demo/vextable/jvxetable/JVxeTableModal.vue(140,11): error TS2349: This expression is not callable.
  Not all constituents of type 'Ref<any, any> | ((url: any, params: any, tab: any, success: any) => void)' are callable.
    Type 'Ref<any, any>' has no call signatures.
src/views/demo/vextable/VexTableModal.vue(40,53): error TS2554: Expected 1 arguments, but got 0.
src/views/demo/vextable/VexTableModal.vue(41,35): error TS18046: '__VLS_ctx.$refs.xTable' is of type 'unknown'.
src/views/monitor/datalog/DataLogModal.vue(5,47): error TS2339: Property 'form' does not exist on type 'CreateComponentPublicInstanceWithMixins<ToResolvedProps<{}, {}>, { BasicModal: ComponentPublicInstanceConstructor<CreateComponentPublicInstanceWithMixins<ToResolvedProps<ExtractPropTypes<{ visible: { type: BooleanConstructor; }; scrollTop: { type: BooleanConstructor; default: boolean; }; ... 8 more ...; modalFooterH...'.
src/views/monitor/datalog/DataLogModal.vue(23,87): error TS2339: Property 'dataVersion1' does not exist on type 'CreateComponentPublicInstanceWithMixins<ToResolvedProps<{}, {}>, { BasicModal: ComponentPublicInstanceConstructor<CreateComponentPublicInstanceWithMixins<ToResolvedProps<ExtractPropTypes<{ visible: { type: BooleanConstructor; }; scrollTop: { type: BooleanConstructor; default: boolean; }; ... 8 more ...; modalFooterH...'.
src/views/monitor/datalog/DataLogModal.vue(32,87): error TS2339: Property 'dataVersion2' does not exist on type 'CreateComponentPublicInstanceWithMixins<ToResolvedProps<{}, {}>, { BasicModal: ComponentPublicInstanceConstructor<CreateComponentPublicInstanceWithMixins<ToResolvedProps<ExtractPropTypes<{ visible: { type: BooleanConstructor; }; scrollTop: { type: BooleanConstructor; default: boolean; }; ... 8 more ...; modalFooterH...'.
src/views/monitor/datalog/index.vue(39,7): error TS2322: Type 'false' is not assignable to type 'Partial<BasicColumn> | Ref<Partial<BasicColumn> | undefined, Partial<BasicColumn> | undefined> | ComputedRef<...> | undefined'.
src/views/monitor/datasource/DataSourceModal.vue(56,39): error TS2554: Expected 0 arguments, but got 1.
src/views/monitor/datasource/index.vue(59,5): error TS2561: Object literal may only specify known properties, but 'importConifg' does not exist in type 'ListPageOptions'. Did you mean to write 'importConfig'?
src/views/monitor/log/index.vue(10,40): error TS2367: This comparison appears to be unintentional because the types 'string' and 'number' have no overlap.
src/views/monitor/log/index.vue(19,18): error TS2367: This comparison appears to be unintentional because the types 'string' and 'number' have no overlap.
src/views/monitor/log/index.vue(29,18): error TS2367: This comparison appears to be unintentional because the types 'string' and 'number' have no overlap.
src/views/monitor/log/index.vue(69,9): error TS2740: Type 'Ref<any, any>' is missing the following properties from type 'FormSchema[]': length, pop, push, concat, and 35 more.
src/views/monitor/log/index.vue(77,7): error TS2353: Object literal may only specify known properties, and 'timeout' does not exist in type '{ url: string | (() => string); name?: string | (() => string) | undefined; params?: object | (() => object) | undefined; }'.
src/views/monitor/mynews/index.vue(55,63): error TS2554: Expected 2 arguments, but got 0.
src/views/monitor/route/components/RouteRecycleBinModal.vue(10,23): error TS2322: Type '({ label: string; icon: string; popConfirm: { title: string; confirm: () => Promise<void>; }; color?: undefined; } | { label: string; icon: string; color: string; popConfirm: { title: string; confirm: () => Promise<...>; }; })[]' is not assignable to type 'ActionItem[]'.
  Type '{ label: string; icon: string; popConfirm: { title: string; confirm: () => Promise<void>; }; color?: undefined; } | { label: string; icon: string; color: string; popConfirm: { title: string; confirm: () => Promise<...>; }; }' is not assignable to type 'ActionItem'.
    Type '{ label: string; icon: string; color: string; popConfirm: { title: string; confirm: () => Promise<void>; }; }' is not assignable to type 'ActionItem'.
      Types of property 'color' are incompatible.
        Type 'string' is not assignable to type '"error" | "success" | "warning" | undefined'.
src/views/monitor/route/index.vue(3,44): error TS2741: Property 'title' is missing in type '{ dataIndex: string; width: string; }' but required in type 'BasicColumn'.
src/views/monitor/route/RouteModal.vue(76,33): error TS2367: This comparison appears to be unintentional because the types 'number' and 'string' have no overlap.
src/views/monitor/route/RouteModal.vue(77,33): error TS2367: This comparison appears to be unintentional because the types 'number' and 'string' have no overlap.
src/views/monitor/route/RouteModal.vue(78,33): error TS2367: This comparison appears to be unintentional because the types 'number' and 'string' have no overlap.
src/views/monitor/route/RouteModal.vue(79,33): error TS2367: This comparison appears to be unintentional because the types 'number' and 'string' have no overlap.
src/views/monitor/server/index.vue(10,27): error TS2367: This comparison appears to be unintentional because the types 'string' and 'number' have no overlap.
src/views/monitor/server/index.vue(14,103): error TS2367: This comparison appears to be unintentional because the types 'string' and 'number' have no overlap.
src/views/monitor/server/index.vue(71,5): error TS2532: Object is possibly 'undefined'.
src/views/monitor/server/index.vue(72,7): error TS2322: Type '{ 'system.cpu.count': { color: string; text: string; unit: string; }; 'system.cpu.usage': { color: string; text: string; unit: string; valueType: string; }; 'process.start.time': { color: string; text: string; unit: string; valueType: string; }; ... 45 more ...; 'undertow.sessions.rejected'?: undefined; } | ... 4 mo...' is not assignable to type '{}'.
  Type 'undefined' is not assignable to type '{}'.
src/views/monitor/server/index.vue(73,7): error TS2322: Type '{ 'jvm.gc.pause'?: undefined; 'tomcat.global.request'?: undefined; 'tomcat.servlet.request'?: undefined; } | { 'jvm.gc.pause': string[]; 'tomcat.global.request'?: undefined; 'tomcat.servlet.request'?: undefined; } | { ...; } | undefined' is not assignable to type '{}'.
  Type 'undefined' is not assignable to type '{}'.
src/views/monitor/server/index.vue(79,21): error TS2345: Argument of type '{ id: string; param: string; text: string; value: any; }' is not assignable to parameter of type 'never'.
src/views/monitor/server/index.vue(90,23): error TS2345: Argument of type '{ id: any; param: any; text: string; value: any; }' is not assignable to parameter of type 'never'.
src/views/monitor/trace/index.vue(45,27): error TS2345: Argument of type 'any' is not assignable to parameter of type 'never'.
src/views/openapi/components/OpenApiAuthForm.vue(100,29): error TS18046: 'userData' is of type 'unknown'.
src/views/openapi/components/OpenApiAuthForm.vue(122,16): error TS2339: Property 'errorFields' does not exist on type 'unknown'.
src/views/openapi/components/OpenApiAuthModal.vue(2,111): error TS2353: Object literal may only specify known properties, and 'class' does not exist in type 'Partial<ExtractPropTypes<{ prefixCls: StringConstructor; type: PropType<ButtonType>; htmlType: { type: PropType<ButtonHTMLType>; default: string; }; ... 12 more ...; onMousedown: { ...; }; }>>'.
src/views/openapi/components/OpenApiModal.vue(49,33): error TS5097: An import path can only end with a '.ts' extension when 'allowImportingTsExtensions' is enabled.
src/views/openapi/SwaggerUI.vue(17,28): error TS2554: Expected 1 arguments, but got 0.
src/views/project/mes/basic/location/location.data.ts(46,128): error TS2353: Object literal may only specify known properties, and 'help' does not exist in type 'FormSchema'.
src/views/project/mes/basic/material/MaterialSelectModal.vue(61,17): error TS2614: Module '"ant-design-vue/es/table"' has no exported member 'TableRowSelection'. Did you mean to use 'import TableRowSelection from "ant-design-vue/es/table"' instead?
src/views/project/mes/batch/master/BatchMasterDrawer.vue(52,11): error TS2353: Object literal may only specify known properties, and 'onValuesChange' does not exist in type 'Partial<DynamicProps<FormProps>>'.
src/views/project/mes/batch/master/BatchMasterDrawer.vue(132,47): error TS2554: Expected 1 arguments, but got 2.
src/views/project/mes/finance/collection/collection.data.ts(5,55): error TS2561: Object literal may only specify known properties, but 'dictTable' does not exist in type 'BasicColumn'. Did you mean to write 'editable'?
src/views/project/mes/finance/collection/collection.data.ts(8,60): error TS2353: Object literal may only specify known properties, and 'dictCode' does not exist in type 'BasicColumn'.
src/views/project/mes/finance/invoice/invoice.data.ts(5,55): error TS2561: Object literal may only specify known properties, but 'dictTable' does not exist in type 'BasicColumn'. Did you mean to write 'editable'?
src/views/project/mes/finance/invoice/invoice.data.ts(8,58): error TS2353: Object literal may only specify known properties, and 'dictCode' does not exist in type 'BasicColumn'.
src/views/project/mes/finance/invoice/invoice.data.ts(9,50): error TS2353: Object literal may only specify known properties, and 'dictCode' does not exist in type 'BasicColumn'.
src/views/project/mes/finance/payable/payable.data.ts(5,56): error TS2561: Object literal may only specify known properties, but 'dictTable' does not exist in type 'BasicColumn'. Did you mean to write 'editable'?
src/views/project/mes/finance/payable/payable.data.ts(12,51): error TS2353: Object literal may only specify known properties, and 'dictCode' does not exist in type 'BasicColumn'.
src/views/project/mes/finance/payment/payment.data.ts(5,56): error TS2561: Object literal may only specify known properties, but 'dictTable' does not exist in type 'BasicColumn'. Did you mean to write 'editable'?
src/views/project/mes/finance/payment/payment.data.ts(8,60): error TS2353: Object literal may only specify known properties, and 'dictCode' does not exist in type 'BasicColumn'.
src/views/project/mes/finance/purchaseInvoice/purchaseInvoice.data.ts(5,56): error TS2561: Object literal may only specify known properties, but 'dictTable' does not exist in type 'BasicColumn'. Did you mean to write 'editable'?
src/views/project/mes/finance/purchaseInvoice/purchaseInvoice.data.ts(8,58): error TS2353: Object literal may only specify known properties, and 'dictCode' does not exist in type 'BasicColumn'.
src/views/project/mes/finance/purchaseInvoice/purchaseInvoice.data.ts(9,50): error TS2353: Object literal may only specify known properties, and 'dictCode' does not exist in type 'BasicColumn'.
src/views/project/mes/finance/receivable/receivable.data.ts(5,55): error TS2561: Object literal may only specify known properties, but 'dictTable' does not exist in type 'BasicColumn'. Did you mean to write 'editable'?
src/views/project/mes/finance/receivable/receivable.data.ts(12,51): error TS2353: Object literal may only specify known properties, and 'dictCode' does not exist in type 'BasicColumn'.
src/views/project/mes/finance/subject/subject.data.ts(6,55): error TS2353: Object literal may only specify known properties, and 'dictCode' does not exist in type 'BasicColumn'.
src/views/project/mes/finance/subject/subject.data.ts(8,62): error TS2353: Object literal may only specify known properties, and 'dictCode' does not exist in type 'BasicColumn'.
src/views/project/mes/finance/subject/subject.data.ts(9,50): error TS2353: Object literal may only specify known properties, and 'dictCode' does not exist in type 'BasicColumn'.
src/views/project/mes/finance/voucher/voucher.data.ts(8,57): error TS2353: Object literal may only specify known properties, and 'dictCode' does not exist in type 'BasicColumn'.
src/views/project/mes/finance/voucher/voucher.data.ts(9,51): error TS2353: Object literal may only specify known properties, and 'dictCode' does not exist in type 'BasicColumn'.
src/views/project/mes/manufacturing/bom/bom.data.ts(28,40): error TS2820: Type '"JMaterialSelect"' is not assignable to type 'ComponentType'. Did you mean '"JAreaSelect"'?
src/views/project/mes/manufacturing/completion/completion.data.ts(32,38): error TS2820: Type '"JMaterialSelect"' is not assignable to type 'ComponentType'. Did you mean '"JAreaSelect"'?
src/views/project/mes/manufacturing/completion/CompletionReceiptDrawer.vue(98,15): error TS2345: Argument of type '{ title: string; slots: { customRender: string; }; width: number; }' is not assignable to parameter of type '{ title: string; dataIndex: string; slots: { customRender: string; }; width: number; }'.
  Property 'dataIndex' is missing in type '{ title: string; slots: { customRender: string; }; width: number; }' but required in type '{ title: string; dataIndex: string; slots: { customRender: string; }; width: number; }'.
src/views/project/mes/manufacturing/order/order.data.ts(38,40): error TS2820: Type '"JMaterialSelect"' is not assignable to type 'ComponentType'. Did you mean '"JAreaSelect"'?
src/views/project/mes/purchase/order/PurchaseOrderSelectModal.vue(61,17): error TS2614: Module '"ant-design-vue/es/table"' has no exported member 'TableRowSelection'. Did you mean to use 'import TableRowSelection from "ant-design-vue/es/table"' instead?
src/views/project/mes/purchase/receipt/ReceiptDrawer.vue(195,15): error TS2345: Argument of type '{ title: string; slots: { customRender: string; }; width: number; }' is not assignable to parameter of type '{ title: string; dataIndex: string; slots: { customRender: string; }; width: number; } | { title: string; dataIndex: string; width: number; slots?: undefined; }'.
  Property 'dataIndex' is missing in type '{ title: string; slots: { customRender: string; }; width: number; }' but required in type '{ title: string; dataIndex: string; slots: { customRender: string; }; width: number; }'.
src/views/project/mes/sales/price/price.data.ts(27,39): error TS2820: Type '"JMaterialSelect"' is not assignable to type 'ComponentType'. Did you mean '"JAreaSelect"'?
src/views/report/chartdemo/index.vue(61,27): error TS5097: An import path can only end with a '.ts' extension when 'allowImportingTsExtensions' is enabled.
src/views/report/chartdemo/index.vue(86,17): error TS2345: Argument of type '{ [x: number]: any; }' is not assignable to parameter of type 'never'.
src/views/super/airag/aiapp/chat/chat.vue(984,50): error TS2551: Property 'clipboardData' does not exist on type 'Window & typeof globalThis'. Did you mean 'Clipboard'?
src/views/super/airag/aiapp/chat/chat.vue(1059,24): error TS2339: Property 'returnText' does not exist on type '"" | { returnText: string; conversationId: any; }'.
  Property 'returnText' does not exist on type '""'.
src/views/super/airag/aiapp/chat/chat.vue(1060,34): error TS2339: Property 'conversationId' does not exist on type '"" | { returnText: string; conversationId: any; }'.
  Property 'conversationId' does not exist on type '""'.
src/views/super/airag/aiapp/chat/hooks/useChat.ts(1,10): error TS2305: Module '"@/store"' has no exported member 'useChatStore'.
src/views/super/airag/aiapp/chat/hooks/useChat.ts(10,40): error TS2503: Cannot find namespace 'Chat'.
src/views/super/airag/aiapp/chat/hooks/useChat.ts(14,58): error TS2503: Cannot find namespace 'Chat'.
src/views/super/airag/aiapp/chat/hooks/useChat.ts(18,70): error TS2503: Cannot find namespace 'Chat'.
src/views/super/airag/aiapp/chat/jeecg-tags/jeecg-chart/ChartRender.vue(238,44): error TS2589: Type instantiation is excessively deep and possibly infinite.
src/views/super/airag/aiapp/chat/jeecg-tags/jeecg-chart/ChartRender.vue(600,16): error TS2769: No overload matches this call.
  The last overload gave the following error.
    Argument of type 'DefineComponent<ExtractPropTypes<{ chartData: { type: ArrayConstructor; default: () => never[]; }; option: { type: ObjectConstructor; default: () => {}; }; width: { type: PropType<string>; default: string; }; height: { ...; }; }>, ... 18 more ..., any> | DefineComponent<...>' is not assignable to parameter of type 'string | Component<ToResolvedProps<ExtractPropTypes<{ chartData: { type: ArrayConstructor; default: () => never[]; }; option: { type: ObjectConstructor; default: () => {}; }; width: { type: PropType<string>; default: string; }; height: { ...; }; }>, {}>, ... 5 more ..., any>'.
      Type 'DefineComponent<ExtractPropTypes<{ chartData: { type: PropType<Object>; default: () => never[]; }; option: { type: ObjectConstructor; default: () => {}; }; width: { type: PropType<string>; default: string; }; height: { ...; }; seriesColor: { ...; }; }>, ... 18 more ..., any>' is not assignable to type 'string | Component<ToResolvedProps<ExtractPropTypes<{ chartData: { type: ArrayConstructor; default: () => never[]; }; option: { type: ObjectConstructor; default: () => {}; }; width: { type: PropType<string>; default: string; }; height: { ...; }; }>, {}>, ... 5 more ..., any>'.
        Type 'DefineComponent<ExtractPropTypes<{ chartData: { type: PropType<Object>; default: () => never[]; }; option: { type: ObjectConstructor; default: () => {}; }; width: { type: PropType<string>; default: string; }; height: { ...; }; seriesColor: { ...; }; }>, ... 18 more ..., any>' is not assignable to type 'ComponentPublicInstanceConstructor<ToResolvedProps<ExtractPropTypes<{ chartData: { type: ArrayConstructor; default: () => never[]; }; option: { type: ObjectConstructor; default: () => {}; }; width: { type: PropType<string>; default: string; }; height: { ...; }; }>, {}>, ... 4 more ..., MethodOptions>'.
          Type 'CreateComponentPublicInstanceWithMixins<ToResolvedProps<ExtractPropTypes<{ chartData: { type: PropType<Object>; default: () => never[]; }; option: { type: ObjectConstructor; default: () => {}; }; width: { type: PropType<string>; default: string; }; height: { ...; }; seriesColor: { ...; }; }>, {}>, ... 24 more ..., {...' is not assignable to type 'ToResolvedProps<ExtractPropTypes<{ chartData: { type: ArrayConstructor; default: () => never[]; }; option: { type: ObjectConstructor; default: () => {}; }; width: { type: PropType<string>; default: string; }; height: { ...; }; }>, {}>'.
            Type 'CreateComponentPublicInstanceWithMixins<ToResolvedProps<ExtractPropTypes<{ chartData: { type: PropType<Object>; default: () => never[]; }; option: { type: ObjectConstructor; default: () => {}; }; width: { type: PropType<string>; default: string; }; height: { ...; }; seriesColor: { ...; }; }>, {}>, ... 24 more ..., {...' is not assignable to type 'Readonly<ExtractPropTypes<{ chartData: { type: ArrayConstructor; default: () => never[]; }; option: { type: ObjectConstructor; default: () => {}; }; width: { type: PropType<string>; default: string; }; height: { ...; }; }>>'.
              Types of property 'chartData' are incompatible.
                The 'Object' type is assignable to very few other types. Did you mean to use the 'any' type instead?
                  Type 'Object' is missing the following properties from type 'unknown[]': length, pop, push, concat, and 35 more.
src/views/super/airag/aiapp/chat/presetQuestion.vue(65,18): error TS2769: No overload matches this call.
  Overload 1 of 2, '(timeout: string | number | Timeout | undefined): void', gave the following error.
    Argument of type 'null' is not assignable to parameter of type 'string | number | Timeout | undefined'.
  Overload 2 of 2, '(id: number | undefined): void', gave the following error.
    Argument of type 'null' is not assignable to parameter of type 'number | undefined'.
src/views/super/airag/aiapp/chat/presetQuestion.vue(66,5): error TS2322: Type 'Timeout' is not assignable to type 'null'.
src/views/super/airag/aiapp/chat/presetQuestion.vue(86,25): error TS18047: 'ulElemRef.value' is possibly 'null'.
src/views/super/airag/aiapp/chat/presetQuestion.vue(88,7): error TS18047: 'ulElemRef.value' is possibly 'null'.
src/views/super/airag/aiapp/chat/presetQuestion.vue(88,36): error TS18047: 'ulElemRef.value' is possibly 'null'.
src/views/super/airag/aiapp/chat/presetQuestion.vue(90,7): error TS18047: 'ulElemRef.value' is possibly 'null'.
src/views/super/airag/aiapp/chat/presetQuestion.vue(90,36): error TS18047: 'ulElemRef.value' is possibly 'null'.
src/views/super/airag/aiapp/chat/presetQuestion.vue(102,5): error TS18047: 'ulElemRef.value' is possibly 'null'.
src/views/super/airag/aiapp/chat/presetQuestion.vue(106,5): error TS18047: 'ulElemRef.value' is possibly 'null'.
src/views/super/airag/aicloth/AiClothChange.vue(129,38): error TS2366: Function lacks ending return statement and return type does not include 'undefined'.
src/views/super/airag/aiknowledge/components/AiTextDescModal.vue(46,25): error TS2353: Object literal may only specify known properties, and 'header' does not exist in type 'Partial<ModalProps>'.
src/views/super/airag/aimodel/components/AiModelModal.vue(386,22): error TS2339: Property 'extraParams' does not exist on type '{}'.
src/views/super/airag/aimodel/components/AiModelModal.vue(451,22): error TS2339: Property 'extraParams' does not exist on type '{}'.
src/views/super/airag/aiprompts/components/AiEvaluatorSettingModal.vue(387,35): error TS2339: Property 'loading' does not exist on type 'never'.
src/views/super/airag/aiprompts/components/AiEvaluatorSettingModal.vue(389,5): error TS18047: 'debugRef.value' is possibly 'null'.
src/views/super/airag/aiprompts/components/AiEvaluatorSettingModal.vue(391,56): error TS18047: 'debugRef.value' is possibly 'null'.
src/views/super/airag/aiprompts/components/AiEvaluatorSettingModal.vue(392,5): error TS18047: 'debugRef.value' is possibly 'null'.
src/views/super/airag/aiprompts/components/AiEvaluatorSettingModal.vue(394,7): error TS18047: 'debugRef.value' is possibly 'null'.
src/views/super/airag/aiprompts/components/AiPromptSettingModal.vue(107,64): error TS2339: Property '变量名' does not exist on type 'CreateComponentPublicInstanceWithMixins<ToResolvedProps<{}, { success: (...args: any[]) => void; register: (...args: any[]) => void; }>, { BasicModal: DefineComponent<ExtractPropTypes<{ visible: { type: BooleanConstructor; }; ... 9 more ...; modalFooterHeight: NumberConstructor; } & { ...; }>, ... 18 more ..., any>;...'.
src/views/super/airag/aiprompts/components/AiragPromptsModal.vue(61,16): error TS2339: Property 'errorFields' does not exist on type 'unknown'.
src/views/super/airag/aiprompts/components/AiragPromptsModal.vue(65,64): error TS2353: Object literal may only specify known properties, and 'block' does not exist in type 'ScrollOptions'.
src/views/super/airag/aivideo/AiVideo.vue(189,46): error TS2322: Type 'string | number' is not assignable to type 'string'.
  Type 'number' is not assignable to type 'string'.
src/views/super/airag/aivoice/AiVoice.vue(152,34): error TS2322: Type 'string | number' is not assignable to type 'string'.
  Type 'number' is not assignable to type 'string'.
src/views/super/airag/wordtpl/components/EoaWordTemplateModal.vue(66,16): error TS2339: Property 'errorFields' does not exist on type 'unknown'.
src/views/super/airag/wordtpl/components/EoaWordTemplateModal.vue(70,64): error TS2353: Object literal may only specify known properties, and 'block' does not exist in type 'ScrollOptions'.
src/views/super/airag/wordtpl/EoaWordTemplateList.vue(274,25): error TS2339: Property 'value' does not exist on type 'never'.
src/views/super/airag/wordtpl/EoaWordTemplateList.vue(274,54): error TS2339: Property 'type' does not exist on type 'never'.
src/views/super/airag/wordtpl/EoaWordTemplateList.vue(274,67): error TS2339: Property 'type' does not exist on type 'never'.
src/views/super/airag/wordtpl/EoaWordTemplateList.vue(275,30): error TS2339: Property 'value' does not exist on type 'never'.
src/views/super/airag/wordtpl/EoaWordTemplateList.vue(287,49): error TS2345: Argument of type 'string' is not assignable to parameter of type 'never'.
src/views/super/online/cgform/auto/comp/OnlineFormDetail.vue(16,157): error TS2322: Type 'any[] | undefined' is not assignable to type 'Record<string, any>'.
  Type 'undefined' is not assignable to type 'Record<string, any>'.
src/views/super/online/cgform/auto/comp/OnlinePopForm.vue(108,51): error TS2554: Expected 1 arguments, but got 0.
src/views/super/online/cgform/auto/comp/OnlinePopForm.vue(230,22): error TS2345: Argument of type 'any' is not assignable to parameter of type 'never'.
src/views/super/online/cgform/auto/comp/OnlinePopForm.vue(316,113): error TS2353: Object literal may only specify known properties, and 'block' does not exist in type 'ScrollOptions'.
src/views/super/online/cgform/auto/comp/OnlinePopForm.vue(377,62): error TS2698: Spread types may only be created from object types.
src/views/super/online/cgform/auto/comp/OnlinePopForm.vue(410,72): error TS2353: Object literal may only specify known properties, and 'block' does not exist in type 'ScrollOptions'.
src/views/super/online/cgform/auto/comp/OnlinePopForm.vue(607,20): error TS2345: Argument of type 'any' is not assignable to parameter of type 'never'.
src/views/super/online/cgform/auto/comp/OnlinePopListModal.vue(28,114): error TS2554: Expected 4 arguments, but got 1.
src/views/super/online/cgform/auto/comp/OnlinePopListModal.vue(206,11): error TS2322: Type 'Ref<{ dataIndex?: string | undefined; title?: string | undefined; key?: string | undefined; fieldType?: string | undefined; width?: string | number | undefined; align?: string | undefined; ... 15 more ...; resizable?: boolean | undefined; }[], OnlineColumn[] | { ...; }[]>' is not assignable to type 'BasicColumn[] | ComputedRef<BasicColumn[]> | Ref<BasicColumn[], BasicColumn[]> | undefined'.
  Type 'Ref<{ dataIndex?: string | undefined; title?: string | undefined; key?: string | undefined; fieldType?: string | undefined; width?: string | number | undefined; align?: string | undefined; ... 15 more ...; resizable?: boolean | undefined; }[], OnlineColumn[] | { ...; }[]>' is not assignable to type 'Ref<BasicColumn[], BasicColumn[]>'.
    Type '{ dataIndex?: string | undefined; title?: string | undefined; key?: string | undefined; fieldType?: string | undefined; width?: string | number | undefined; align?: string | undefined; ... 15 more ...; resizable?: boolean | undefined; }[]' is not assignable to type 'BasicColumn[]'.
      Type '{ dataIndex?: string | undefined; title?: string | undefined; key?: string | undefined; fieldType?: string | undefined; width?: string | number | undefined; align?: string | undefined; ... 15 more ...; resizable?: boolean | undefined; }' is not assignable to type 'BasicColumn'.
        Types of property 'title' are incompatible.
          Type 'string | undefined' is not assignable to type 'string | Fn<any, any>'.
            Type 'undefined' is not assignable to type 'string | Fn<any, any>'.
src/views/super/online/cgform/auto/comp/OnlineSearchFormItem.vue(84,17): error TS2322: Type 'string | [] | undefined' is not assignable to type 'string | undefined'.
  Type '[]' is not assignable to type 'string'.
src/views/super/online/cgform/auto/comp/OnlineSearchFormItem.vue(108,43): error TS2322: Type 'string | [] | undefined' is not assignable to type 'string | undefined'.
  Type '[]' is not assignable to type 'string'.
src/views/super/online/cgform/auto/comp/OnlineSearchFormItem.vue(132,15): error TS2322: Type 'string | [] | undefined' is not assignable to type 'string | undefined'.
  Type '[]' is not assignable to type 'string'.
src/views/super/online/cgform/auto/comp/OnlineSubFormDetail.vue(65,29): error TS2345: Argument of type 'Record<string, any>' is not assignable to parameter of type 'any[]'.
  Type 'Record<string, any>' is missing the following properties from type 'any[]': length, pop, push, concat, and 35 more.
src/views/super/online/cgform/auto/comp/superquery/SuperQuery.vue(57,174): error TS2339: Property 'align' does not exist on type '{ field: string | undefined; rule: string | undefined; val: string | number; key: string; curLineAlign: string | undefined; fileType: string; view: string; originView?: string | undefined; }'.
src/views/super/online/cgform/auto/comp/superquery/SuperQuery.vue(85,87): error TS2322: Type 'FormSchema | { field: string; label: string; component: string; }' is not assignable to type 'FormSchema | undefined'.
  Type '{ field: string; label: string; component: string; }' is not assignable to type 'FormSchema'.
    Types of property 'component' are incompatible.
      Type 'string' is not assignable to type 'ComponentType'.
src/views/super/online/cgform/auto/comp/superquery/useSuperQuery.ts(128,11): error TS18046: 'value' is of type 'unknown'.
src/views/super/online/cgform/auto/comp/superquery/useSuperQuery.ts(131,34): error TS18046: 'value' is of type 'unknown'.
src/views/super/online/cgform/auto/comp/superquery/useSuperQuery.ts(131,54): error TS18046: 'value' is of type 'unknown'.
src/views/super/online/cgform/auto/comp/superquery/useSuperQuery.ts(193,36): error TS2345: Argument of type '{ field: undefined; rule: string; val: string; key: string; }' is not assignable to parameter of type '{ field: string | undefined; rule: string | undefined; val: string | number; key: string; curLineAlign: string | undefined; fileType: string; view: string; originView?: string | undefined; }'.
  Type '{ field: undefined; rule: string; val: string; key: string; }' is missing the following properties from type '{ field: string | undefined; rule: string | undefined; val: string | number; key: string; curLineAlign: string | undefined; fileType: string; view: string; originView?: string | undefined; }': curLineAlign, fileType, view
src/views/super/online/cgform/auto/comp/superquery/useSuperQuery.ts(197,38): error TS2345: Argument of type '{ field: undefined; rule: string; val: string; key: string; }' is not assignable to parameter of type '{ field: string | undefined; rule: string | undefined; val: string | number; key: string; curLineAlign: string | undefined; fileType: string; view: string; originView?: string | undefined; }'.
  Type '{ field: undefined; rule: string; val: string; key: string; }' is missing the following properties from type '{ field: string | undefined; rule: string | undefined; val: string | number; key: string; curLineAlign: string | undefined; fileType: string; view: string; originView?: string | undefined; }': curLineAlign, fileType, view
src/views/super/online/cgform/auto/comp/superquery/useSuperQuery.ts(201,50): error TS2345: Argument of type '{ field: undefined; rule: string; val: string; key: string; }' is not assignable to parameter of type '{ field: string | undefined; rule: string | undefined; val: string | number; key: string; curLineAlign: string | undefined; fileType: string; view: string; originView?: string | undefined; }'.
  Type '{ field: undefined; rule: string; val: string; key: string; }' is missing the following properties from type '{ field: string | undefined; rule: string | undefined; val: string | number; key: string; curLineAlign: string | undefined; fileType: string; view: string; originView?: string | undefined; }': curLineAlign, fileType, view
src/views/super/online/cgform/auto/comp/superquery/useSuperQuery.ts(244,34): error TS2554: Expected 3 arguments, but got 2.
src/views/super/online/cgform/auto/comp/superquery/useSuperQuery.ts(605,13): error TS2741: Property 'view' is missing in type '{ title: any; value: string; disabled: true; children: never[]; order: number; fieldType: any; }' but required in type 'TreeModel'.
src/views/super/online/cgform/auto/default/OnlineAutoList.vue(67,39): error TS2367: This comparison appears to be unintentional because the types 'string' and 'number' have no overlap.
src/views/super/online/cgform/auto/default/OnlineAutoList.vue(67,57): error TS2367: This comparison appears to be unintentional because the types 'string' and 'number' have no overlap.
src/views/super/online/cgform/auto/default/OnlineAutoList.vue(91,24): error TS2367: This comparison appears to be unintentional because the types '"bus" | undefined' and '"action"' have no overlap.
src/views/super/online/cgform/auto/default/OnlineCustomModal.vue(10,81): error TS2339: Property 'okText' does not exist on type '{}'.
src/views/super/online/cgform/auto/default/OnlineCustomModal.vue(11,64): error TS2339: Property 'cancelText' does not exist on type '{}'.
src/views/super/online/cgform/auto/default/OnlineFormUrlDetail.vue(13,23): error TS2339: Property 'success' does not exist on type 'CreateComponentPublicInstanceWithMixins<ToResolvedProps<{}, {}>, { Card: { new (...args: any[]): CreateComponentPublicInstanceWithMixins<Readonly<ExtractPropTypes<{ prefixCls: StringConstructor; title: VueTypeValidableDef<any>; ... 14 more ...; onTabChange: { ...; }; }>> & Readonly<...>, ... 24 more ..., { ...; }>; ...'.
src/views/super/online/cgform/auto/tab/modal/OnlineTabFormDetail.vue(28,16): error TS2322: Type 'any[] | undefined' is not assignable to type 'Record<string, any>'.
  Type 'undefined' is not assignable to type 'Record<string, any>'.
src/views/super/online/cgform/auto/tab/OnlCgformTabList.vue(78,24): error TS2367: This comparison appears to be unintentional because the types '"bus" | undefined' and '"action"' have no overlap.
src/views/super/online/cgform/auto/tree/OnlineAutoTreeList.vue(81,24): error TS2367: This comparison appears to be unintentional because the types '"bus" | undefined' and '"action"' have no overlap.
src/views/super/online/cgform/components/auth/auth.data.ts(154,25): error TS2339: Property 'title' does not exist on type '{ label: string; value: string; val: string; }'.
src/views/super/online/cgform/components/auth/AuthSetterModal.vue(7,23): error TS2353: Object literal may only specify known properties, and 'style' does not exist in type 'Partial<ExtractPropTypes<{ prefixCls: StringConstructor; type: PropType<ButtonType>; htmlType: { type: PropType<ButtonHTMLType>; default: string; }; ... 12 more ...; onMousedown: { ...; }; }>>'.
src/views/super/online/cgform/components/auth/manager/AuthButtonConfig.vue(40,39): error TS2339: Property 'getTableRef' does not exist on type 'TableActionType & { getForm: () => FormActionType; }'.
src/views/super/online/cgform/components/auth/manager/AuthFieldConfig.vue(57,39): error TS2339: Property 'getTableRef' does not exist on type 'TableActionType & { getForm: () => FormActionType; }'.
src/views/super/online/cgform/components/CgformModal.vue(232,9): error TS2345: Argument of type '{ getFieldsValue: (fields?: string[]) => any; setFieldsValue: (values: Recordable) => void | undefined; validateFields: (_fields?: string[]) => Promise<void>; resetFields: () => void | undefined; }' is not assignable to parameter of type 'Nullable<FormActionType>'.
  Type '{ getFieldsValue: (fields?: string[] | undefined) => any; setFieldsValue: (values: Recordable<any>) => void | undefined; validateFields: (_fields?: string[] | undefined) => Promise<...>; resetFields: () => void | undefined; }' is missing the following properties from type 'FormActionType': submit, clearValidate, updateSchema, resetSchema, and 8 more.
src/views/super/online/cgform/components/enhance/EnhanceJsModal.vue(188,13): error TS18048: 'listEditorRef.value' is possibly 'undefined'.
src/views/super/online/cgform/components/enhance/EnhanceJsModal.vue(190,13): error TS18048: 'formEditorRef.value' is possibly 'undefined'.
src/views/super/online/cgform/components/tables/DBAttributeTable.vue(517,30): error TS2532: Object is possibly 'undefined'.
src/views/super/online/cgform/components/tables/DBAttributeTable.vue(558,28): error TS2532: Object is possibly 'undefined'.
src/views/super/online/cgform/components/tables/DBAttributeTable.vue(560,22): error TS18048: 'dataSource' is possibly 'undefined'.
src/views/super/online/cgform/components/tables/DBAttributeTable.vue(560,50): error TS18046: 'item' is of type 'unknown'.
src/views/super/online/cgform/components/tables/DBAttributeTable.vue(564,29): error TS2571: Object is of type 'unknown'.
src/views/super/online/cgform/components/tables/DBAttributeTable.vue(569,21): error TS2532: Object is possibly 'undefined'.
src/views/super/online/cgform/extend/linkTable/LinkTableSelect.vue(204,11): error TS2554: Expected 1 arguments, but got 0.
src/views/super/online/cgform/extend/linkTable/LinkTableSelect.vue(214,11): error TS2554: Expected 3 arguments, but got 2.
src/views/super/online/cgform/extend/linkTable/LinkTableSelect.vue(220,13): error TS2322: Type 'any[]' is not assignable to type 'never[]'.
  Type 'any' is not assignable to type 'never'.
src/views/super/online/cgform/extend/linkTable/LinkTableSelect.vue(225,28): error TS2322: Type 'any' is not assignable to type 'never'.
src/views/super/online/cgform/extend/linkTable/LinkTableSelect.vue(228,57): error TS2345: Argument of type 'any' is not assignable to parameter of type 'never'.
src/views/super/online/cgform/extend/linkTable/LinkTableSelect.vue(260,37): error TS2339: Property 'split' does not exist on type 'string | number | unknown[]'.
  Property 'split' does not exist on type 'number'.
src/views/super/online/cgform/extend/linkTable/LinkTableSelect.vue(262,13): error TS2322: Type 'string | number | unknown[]' is not assignable to type 'string[]'.
  Type 'string' is not assignable to type 'string[]'.
src/views/super/online/cgform/hooks/auto/useAutoForm.ts(128,42): error TS2554: Expected 3 arguments, but got 2.
src/views/super/online/cgform/hooks/auto/useAutoForm.ts(157,42): error TS2554: Expected 3 arguments, but got 2.
src/views/super/online/cgform/hooks/auto/useAutoForm.ts(252,9): error TS18048: 'result.componentProps' is possibly 'undefined'.
src/views/super/online/cgform/hooks/auto/useAutoForm.ts(252,31): error TS2339: Property 'stringToNumber' does not exist on type 'object | ((opt: { schema: FormSchema; tableAction: TableActionType; formActionType: FormActionType; formModel: Recordable<any>; }) => Recordable<...>)'.
  Property 'stringToNumber' does not exist on type 'object'.
src/views/super/online/cgform/hooks/auto/useAutoForm.ts(259,17): error TS2339: Property 'labelCol' does not exist on type '{ baseColProps: { sm: number; xs: number; md: number; lg: number; xl: number; xxl: number; }; }'.
src/views/super/online/cgform/hooks/auto/useAutoForm.ts(321,29): error TS2339: Property 'formLabelLengthShow' does not exist on type '{}'.
src/views/super/online/cgform/hooks/auto/useAutoForm.ts(321,72): error TS2339: Property 'formLabelLength' does not exist on type '{}'.
src/views/super/online/cgform/hooks/auto/useAutoForm.ts(323,46): error TS2339: Property 'formLabelLength' does not exist on type '{}'.
src/views/super/online/cgform/hooks/auto/useAutoForm.ts(419,31): error TS2339: Property 'labelCol' does not exist on type '{ baseColProps: { sm: number; xs: number; md: number; lg: number; xl: number; xxl: number; }; }'.
src/views/super/online/cgform/hooks/auto/useAutoForm.ts(420,33): error TS2339: Property 'wrapperCol' does not exist on type '{ baseColProps: { sm: number; xs: number; md: number; lg: number; xl: number; xxl: number; }; }'.
src/views/super/online/cgform/hooks/auto/useOnlineTableContext.ts(350,13): error TS2339: Property 'delNum' does not exist on type '{}'.
src/views/super/online/cgform/hooks/auto/useOnlineTableContext.ts(354,17): error TS2339: Property 'total' does not exist on type 'false | { current?: number | undefined; pageSize?: number | undefined; pageSizeOptions?: string[] | undefined; showTotal?: Function | undefined; showQuickJumper?: boolean | undefined; showSizeChanger?: boolean | undefined; total?: number | undefined; }'.
src/views/super/online/cgform/hooks/auto/useOnlineTableContext.ts(354,24): error TS2339: Property 'pageSize' does not exist on type 'false | { current?: number | undefined; pageSize?: number | undefined; pageSizeOptions?: string[] | undefined; showTotal?: Function | undefined; showQuickJumper?: boolean | undefined; showSizeChanger?: boolean | undefined; total?: number | undefined; }'.
src/views/super/online/cgform/hooks/auto/useOnlineTableContext.ts(354,34): error TS2339: Property 'current' does not exist on type 'false | { current?: number | undefined; pageSize?: number | undefined; pageSizeOptions?: string[] | undefined; showTotal?: Function | undefined; showQuickJumper?: boolean | undefined; showSizeChanger?: boolean | undefined; total?: number | undefined; }'.
src/views/super/online/cgform/hooks/auto/useOnlineTableContext.ts(358,28): error TS2339: Property 'current' does not exist on type 'false | { current?: number | undefined; pageSize?: number | undefined; pageSizeOptions?: string[] | undefined; showTotal?: Function | undefined; showQuickJumper?: boolean | undefined; showSizeChanger?: boolean | undefined; total?: number | undefined; }'.
  Property 'current' does not exist on type 'false'.
src/views/super/online/cgform/hooks/auto/useOnlineTableContext.ts(731,22): error TS2339: Property 'current' does not exist on type 'false | { current?: number | undefined; pageSize?: number | undefined; pageSizeOptions?: string[] | undefined; showTotal?: Function | undefined; showQuickJumper?: boolean | undefined; showSizeChanger?: boolean | undefined; total?: number | undefined; }'.
  Property 'current' does not exist on type 'false'.
src/views/super/online/cgform/hooks/auto/useSuperQuery.ts(170,34): error TS2554: Expected 3 arguments, but got 2.
src/views/super/online/cgform/share/layouts/default/header/components/user-dropdown/index.vue(13,14): error TS2322: Type '(e: { key: MenuEvent; }) => void' is not assignable to type 'MenuClickEventHandler'.
  Types of parameters 'e' and 'info' are incompatible.
    Type 'MenuInfo' is not assignable to type '{ key: MenuEvent; }'.
      Types of property 'key' are incompatible.
        Type 'Key' is not assignable to type 'MenuEvent'.
          Type 'string' is not assignable to type 'MenuEvent'.
src/views/super/online/cgform/share/layouts/login/AppLogin.vue(268,5): error TS18047: 'app' is possibly 'null'.
src/views/super/online/cgform/share/layouts/login/component/AccountLoginForm.vue(98,57): error TS2873: This kind of expression is always falsy.
src/views/super/online/cgform/share/layouts/login/component/AccountLoginForm.vue(102,58): error TS2873: This kind of expression is always falsy.
src/views/super/online/cgform/share/layouts/login/component/AccountLoginForm.vue(106,59): error TS2873: This kind of expression is always falsy.
src/views/super/online/cgform/share/layouts/login/component/AccountLoginForm.vue(135,15): error TS2339: Property 'userInfo' does not exist on type 'GetUserInfoModel | null'.
src/views/super/online/cgform/share/layouts/login/component/AppForgetPassword.vue(169,55): error TS2873: This kind of expression is always falsy.
src/views/super/online/cgform/share/layouts/login/component/AppForgetPassword.vue(174,57): error TS2873: This kind of expression is always falsy.
src/views/super/online/cgform/share/layouts/login/component/AppForgetPassword.vue(179,73): error TS2873: This kind of expression is always falsy.
src/views/super/online/cgform/share/layouts/login/component/AppForgetPassword.vue(183,74): error TS2873: This kind of expression is always falsy.
src/views/super/online/cgform/share/layouts/login/component/AppNameEmail.vue(65,52): error TS2873: This kind of expression is always falsy.
src/views/super/online/cgform/share/layouts/login/component/AppNameEmail.vue(69,55): error TS2873: This kind of expression is always falsy.
src/views/super/online/cgform/share/layouts/login/component/AppRegister.vue(100,55): error TS2873: This kind of expression is always falsy.
src/views/super/online/cgform/share/layouts/login/component/AppRegister.vue(105,57): error TS2873: This kind of expression is always falsy.
src/views/super/online/cgform/share/layouts/login/component/AppRegister.vue(110,52): error TS2873: This kind of expression is always falsy.
src/views/super/online/cgform/share/layouts/login/component/AppRegister.vue(115,60): error TS2873: This kind of expression is always falsy.
src/views/super/online/cgform/share/layouts/login/component/AppRegister.vue(263,28): error TS2872: This kind of expression is always truthy.
src/views/super/online/cgform/share/layouts/login/component/AppTenant.vue(138,65): error TS2873: This kind of expression is always falsy.
src/views/super/online/cgform/share/layouts/login/component/AppTenant.vue(142,60): error TS2873: This kind of expression is always falsy.
src/views/super/online/cgform/share/layouts/login/component/PhoneLoginForm.vue(67,55): error TS2873: This kind of expression is always falsy.
src/views/super/online/cgform/share/layouts/login/component/PhoneLoginForm.vue(71,52): error TS2873: This kind of expression is always falsy.
src/views/super/online/cgform/share/layouts/login/component/PhoneLoginForm.vue(138,19): error TS2339: Property 'userInfo' does not exist on type 'GetUserInfoModel | null'.
src/views/super/online/cgform/share/layouts/login/component/PhoneLoginForm.vue(139,13): error TS2345: Argument of type '{ mobile: any; captcha: any; mode: "none"; goHome: false; }' is not assignable to parameter of type 'LoginParams & { goHome?: boolean | undefined; mode?: ErrorMessageMode; }'.
  Type '{ mobile: any; captcha: any; mode: "none"; goHome: false; }' is missing the following properties from type 'LoginParams': username, password
src/views/super/online/cgreport/auto/OnlCgReportList.vue(17,26): error TS2339: Property 'refs' does not exist on type '{ attrs: Data; slots: Readonly<InternalSlots>; emit: (event: string, ...args: any[]) => void; expose: <Exposed extends Record<string, any> = Record<string, any>>(exposed?: Exposed | undefined) => void; }'.
src/views/super/online/cgreport/components/CgreportModal.vue(128,7): error TS2349: This expression is not callable.
  Not all constituents of type 'Ref<any, any> | ((url: any, params: any, tab: any, success: any) => void)' are callable.
    Type 'Ref<any, any>' has no call signatures.
src/views/super/online/cgreport/components/CgreportModal.vue(129,7): error TS2349: This expression is not callable.
  Not all constituents of type 'Ref<any, any> | ((url: any, params: any, tab: any, success: any) => void)' are callable.
    Type 'Ref<any, any>' has no call signatures.
src/views/super/online/graphreport/auto/components/render/ChartAutoRender.vue(2,4): error TS2345: Argument of type '{ title: null; chartsData: Record<string, any>; isCombination: boolean; onError: (tip: any) => any; }' is not assignable to parameter of type 'Partial<{ title: string; chartsData: Record<string, any>; asComponent: boolean; }> & Omit<{ readonly [x: `on${Capitalize<string>}`]: ((...args: any[]) => any) | undefined; readonly title: string; readonly chartsData: Record<...>; readonly asComponent: boolean; } & VNodeProps & AllowedComponentProps & ComponentCustom...'.
  Type '{ title: null; chartsData: Record<string, any>; isCombination: boolean; onError: (tip: any) => any; }' is not assignable to type 'Partial<{ title: string; chartsData: Record<string, any>; asComponent: boolean; }>'.
    Types of property 'title' are incompatible.
      Type 'null' is not assignable to type 'string | undefined'.
src/views/super/online/graphreport/auto/components/render/ChartAutoRender.vue(3,4): error TS2345: Argument of type '{ title: null; chartsData: Record<string, any>; isCombination: boolean; onError: (tip: any) => any; }' is not assignable to parameter of type 'Partial<{ title: string; chartsData: Record<string, any>; asComponent: boolean; }> & Omit<{ readonly [x: `on${Capitalize<string>}`]: ((...args: any[]) => any) | undefined; readonly title: string; readonly chartsData: Record<...>; readonly asComponent: boolean; } & VNodeProps & AllowedComponentProps & ComponentCustom...'.
  Type '{ title: null; chartsData: Record<string, any>; isCombination: boolean; onError: (tip: any) => any; }' is not assignable to type 'Partial<{ title: string; chartsData: Record<string, any>; asComponent: boolean; }>'.
    Types of property 'title' are incompatible.
      Type 'null' is not assignable to type 'string | undefined'.
src/views/super/online/graphreport/auto/components/render/ChartAutoRender.vue(4,4): error TS2345: Argument of type '{ title: null; chartsData: Record<string, any>; isCombination: boolean; onError: (tip: any) => any; }' is not assignable to parameter of type 'Partial<{ title: string; chartsData: Record<string, any>; asComponent: boolean; }> & Omit<{ readonly [x: `on${Capitalize<string>}`]: ((...args: any[]) => any) | undefined; readonly title: string; readonly chartsData: Record<...>; readonly asComponent: boolean; } & VNodeProps & AllowedComponentProps & ComponentCustom...'.
  Type '{ title: null; chartsData: Record<string, any>; isCombination: boolean; onError: (tip: any) => any; }' is not assignable to type 'Partial<{ title: string; chartsData: Record<string, any>; asComponent: boolean; }>'.
    Types of property 'title' are incompatible.
      Type 'null' is not assignable to type 'string | undefined'.
src/views/super/online/graphreport/graphreport.data.ts(85,21): error TS2339: Property 'success' does not exist on type 'unknown'.
src/views/super/online/graphreport/graphreport.data.ts(85,30): error TS2339: Property 'message' does not exist on type 'unknown'.
src/views/super/online/graphreport/GraphreportList.vue(7,23): error TS2739: Type '{ export: { name: string; url: Api; }; import: { url: Api; success: (opt?: FetchParams | undefined) => Promise<void>; }; }' is missing the following properties from type 'ExcelConfig': exportConfig, importConfig
src/views/super/registerSuper.ts(9,11): error TS2339: Property 'register' does not exist on type 'unknown'.
src/views/sys/forget-password/step1.vue(7,104): error TS2322: Type '() => Promise<unknown>' is not assignable to type '() => Promise<boolean>'.
  Type 'Promise<unknown>' is not assignable to type 'Promise<boolean>'.
    Type 'unknown' is not assignable to type 'boolean'.
src/views/sys/forget-password/step1.vue(20,33): error TS2724: '"ant-design-vue"' has no exported member named 'steps'. Did you mean 'Steps'?
src/views/sys/login/LoginForm.vue(147,15): error TS2339: Property 'userInfo' does not exist on type 'GetUserInfoModel | null'.
src/views/sys/login/LoginSelect.vue(226,13): error TS2794: Expected 1 arguments, but got 0. Did you forget to include 'void' in your type argument to 'Promise'?
src/views/sys/login/LoginSelect.vue(232,17): error TS2794: Expected 1 arguments, but got 0. Did you forget to include 'void' in your type argument to 'Promise'?
src/views/sys/login/LoginSelect.vue(266,38): error TS2339: Property 'username' does not exist on type 'Store<"app-user", UserState, { getUserInfo(): UserInfo; getLoginInfo(): LoginInfo; getToken(): string; getAllDictItems(): []; getRoleList(): RoleEnum[]; getSessionTimeout(): boolean; getLastUpdateTime(): number; getTenant(): string | number; hasShareTenantId(): boolean; }, { ...; }>'.
src/views/sys/login/MobileForm.vue(14,12): error TS2322: Type '() => Promise<unknown>' is not assignable to type '() => Promise<boolean>'.
  Type 'Promise<unknown>' is not assignable to type 'Promise<boolean>'.
    Type 'unknown' is not assignable to type 'boolean'.
src/views/sys/login/MobileForm.vue(62,9): error TS2345: Argument of type '{ mobile: any; captcha: any; mode: "none"; }' is not assignable to parameter of type 'LoginParams & { goHome?: boolean | undefined; mode?: ErrorMessageMode; }'.
  Type '{ mobile: any; captcha: any; mode: "none"; }' is missing the following properties from type 'LoginParams': username, password
src/views/sys/login/RegisterForm.vue(17,12): error TS2322: Type '() => Promise<unknown>' is not assignable to type '() => Promise<boolean>'.
  Type 'Promise<unknown>' is not assignable to type 'Promise<boolean>'.
    Type 'unknown' is not assignable to type 'boolean'.
src/views/sys/login/RegisterForm.vue(88,30): error TS2345: Argument of type '{ description: any; duration: number; }' is not assignable to parameter of type 'NotificationArgsProps'.
  Property 'message' is missing in type '{ description: any; duration: number; }' but required in type 'NotificationArgsProps'.
src/views/sys/login/ThirdModal.vue(33,111): error TS2322: Type '() => Promise<unknown>' is not assignable to type '() => Promise<boolean>'.
  Type 'Promise<unknown>' is not assignable to type 'Promise<boolean>'.
    Type 'unknown' is not assignable to type 'boolean'.
src/views/sys/login/useLogin.ts(1,15): error TS2614: Module '"ant-design-vue/lib/form/Form"' has no exported member 'ValidationRule'. Did you mean to use 'import ValidationRule from "ant-design-vue/lib/form/Form"' instead?
src/views/sys/login/useLogin.ts(150,23): error TS2794: Expected 1 arguments, but got 0. Did you forget to include 'void' in your type argument to 'Promise'?
src/views/sys/login/useLogin.ts(163,23): error TS2794: Expected 1 arguments, but got 0. Did you forget to include 'void' in your type argument to 'Promise'?
src/views/sys/login/useLogin.ts(189,23): error TS2339: Property '_CONFIG' does not exist on type 'Window & typeof globalThis'.
src/views/sys/login/useLogin.ts(204,23): error TS2339: Property '_CONFIG' does not exist on type 'Window & typeof globalThis'.
src/views/system/appconfig/ThirdAppDingTalkConfigForm.vue(175,38): error TS2339: Property 'title' does not exist on type '{}'.
src/views/system/checkRule/CheckRuleTestModal.vue(2,32): error TS2559: Type '{ style: { display: string; }; }' has no properties in common with type 'Partial<ExtractPropTypes<{ prefixCls: StringConstructor; type: PropType<ButtonType>; htmlType: { type: PropType<ButtonHTMLType>; default: string; }; ... 12 more ...; onMousedown: { ...; }; }>>'.
src/views/system/dict/components/DictRecycleBinModal.vue(3,44): error TS2322: Type '{ type: string; columnWidth: number; selectedRowKeys: Ref<(string | number)[], (string | number)[]>; onChange: (selectedRowKeys: (string | number)[]) => void; }' is not assignable to type 'TableRowSelection<any>'.
  Types of property 'type' are incompatible.
    Type 'string' is not assignable to type 'RowSelectionType | undefined'.
src/views/system/dict/components/DictRecycleBinModal.vue(27,23): error TS2322: Type '({ label: string; icon: string; popConfirm: { title: string; confirm: () => Promise<void>; }; color?: undefined; } | { label: string; icon: string; color: string; popConfirm: { title: string; confirm: () => Promise<...>; }; })[]' is not assignable to type 'ActionItem[]'.
  Type '{ label: string; icon: string; popConfirm: { title: string; confirm: () => Promise<void>; }; color?: undefined; } | { label: string; icon: string; color: string; popConfirm: { title: string; confirm: () => Promise<...>; }; }' is not assignable to type 'ActionItem'.
    Type '{ label: string; icon: string; color: string; popConfirm: { title: string; confirm: () => Promise<void>; }; }' is not assignable to type 'ActionItem'.
      Types of property 'color' are incompatible.
        Type 'string' is not assignable to type '"error" | "success" | "warning" | undefined'.
src/views/system/examples/demo/index.vue(44,44): error TS2322: Type '{ type: string; columnWidth: number; selectedRowKeys: Ref<(string | number)[], (string | number)[]>; onChange: (selectedRowKeys: (string | number)[]) => void; }' is not assignable to type 'TableRowSelection<any>'.
  Types of property 'type' are incompatible.
    Type 'string' is not assignable to type 'RowSelectionType | undefined'.
src/views/system/loginmini/MiniLogin.vue(399,15): error TS2339: Property 'userInfo' does not exist on type 'GetUserInfoModel | null'.
src/views/system/loginmini/MiniLogin.vue(449,9): error TS2353: Object literal may only specify known properties, and 'mobile' does not exist in type 'LoginParams & { goHome?: boolean | undefined; mode?: ErrorMessageMode; }'.
src/views/system/loginmini/MiniRegister.vue(212,30): error TS2345: Argument of type '{ description: any; duration: number; }' is not assignable to parameter of type 'NotificationArgsProps'.
  Property 'message' is missing in type '{ description: any; duration: number; }' but required in type 'NotificationArgsProps'.
src/views/system/menu/index.vue(3,44): error TS2322: Type '{ type: string; columnWidth: number; selectedRowKeys: Ref<(string | number)[], (string | number)[]>; onChange: (selectedRowKeys: (string | number)[]) => void; }' is not assignable to type 'TableRowSelection<any>'.
  Types of property 'type' are incompatible.
    Type 'string' is not assignable to type 'RowSelectionType | undefined'.
src/views/system/menu/index.vue(25,57): error TS2322: Type '({ label: string; onClick: () => void; ifShow?: undefined; color?: undefined; popConfirm?: undefined; } | { label: string; onClick: () => Promise<void>; ifShow: () => any; color?: undefined; popConfirm?: undefined; } | { ...; })[]' is not assignable to type 'ActionItem[]'.
  Type '{ label: string; onClick: () => void; ifShow?: undefined; color?: undefined; popConfirm?: undefined; } | { label: string; onClick: () => Promise<void>; ifShow: () => any; color?: undefined; popConfirm?: undefined; } | { ...; }' is not assignable to type 'ActionItem'.
    Type '{ label: string; color: string; popConfirm: { title: string; confirm: () => Promise<void>; }; onClick?: undefined; ifShow?: undefined; }' is not assignable to type 'ActionItem'.
      Types of property 'color' are incompatible.
        Type 'string' is not assignable to type '"error" | "success" | "warning" | undefined'.
src/views/system/menu/MenuDrawer.vue(41,28): error TS2554: Expected 1 arguments, but got 0.
src/views/system/onlineuser/OnlineUserList.vue(23,5): error TS2322: Type '({ title: string; align: string; dataIndex: string; customRender: ({ text, record }: { text: any; record: any; }) => any; width?: undefined; } | { title: string; align: string; dataIndex: string; customRender?: undefined; width?: undefined; } | { ...; })[]' is not assignable to type 'BasicColumn[] | ComputedRef<BasicColumn[]> | Ref<BasicColumn[], BasicColumn[]> | undefined'.
  Type '({ title: string; align: string; dataIndex: string; customRender: ({ text, record }: { text: any; record: any; }) => any; width?: undefined; } | { title: string; align: string; dataIndex: string; customRender?: undefined; width?: undefined; } | { ...; })[]' is not assignable to type 'BasicColumn[]'.
    Type '{ title: string; align: string; dataIndex: string; customRender: ({ text, record }: { text: any; record: any; }) => any; width?: undefined; } | { title: string; align: string; dataIndex: string; customRender?: undefined; width?: undefined; } | { ...; }' is not assignable to type 'BasicColumn'.
      Type '{ title: string; align: string; dataIndex: string; customRender: ({ text, record }: { text: any; record: any; }) => any; width?: undefined; }' is not assignable to type 'BasicColumn'.
        Types of property 'align' are incompatible.
          Type 'string' is not assignable to type 'AlignType | undefined'.
src/views/system/onlineuser/OnlineUserList.vue(30,5): error TS2322: Type 'null' is not assignable to type 'TableRowSelection<any> | Ref<TableRowSelection<any> | undefined, TableRowSelection<any> | undefined> | ComputedRef<...> | undefined'.
src/views/system/role/components/RolePermissionDrawer.vue(215,38): error TS2339: Property 'getCheckedKeys' does not exist on type 'never'.
src/views/system/role/components/RoleUserTable.vue(3,44): error TS2322: Type '{ type: string; columnWidth: number; selectedRowKeys: Ref<(string | number)[], (string | number)[]>; onChange: (selectedRowKeys: (string | number)[], selectionRows: any) => void; }' is not assignable to type 'TableRowSelection<any>'.
  Types of property 'type' are incompatible.
    Type 'string' is not assignable to type 'RowSelectionType | undefined'.
src/views/system/role/components/UseSelectModal.vue(3,44): error TS2322: Type '{ type: string; columnWidth: number; selectedRowKeys: Ref<(string | number)[], (string | number)[]>; onChange: (selectedRowKeys: (string | number)[]) => void; }' is not assignable to type 'TableRowSelection<any>'.
  Types of property 'type' are incompatible.
    Type 'string' is not assignable to type 'RowSelectionType | undefined'.
src/views/system/role/index.vue(73,7): error TS2322: Type 'null' is not assignable to type 'TableRowSelection<any> | Ref<TableRowSelection<any> | undefined, TableRowSelection<any> | undefined> | ComputedRef<...> | undefined'.
src/views/system/role/TenantRoleList.vue(65,7): error TS2322: Type 'null' is not assignable to type 'TableRowSelection<any> | Ref<TableRowSelection<any> | undefined, TableRowSelection<any> | undefined> | ComputedRef<...> | undefined'.
src/views/system/tenant/components/TenantPackAllotModal.vue(3,72): error TS2339: Property 'handleSubmit' does not exist on type 'CreateComponentPublicInstanceWithMixins<ToResolvedProps<{}, {}>, { registerForm: RegisterFn; registerModal: RegisterFn; packOption: Ref<any, any>; }, {}, {}, {}, ComponentOptionsMixin, ... 19 more ..., {}>'.
src/views/system/tenant/components/TenantUserSelectModal.vue(54,26): error TS2339: Property 'refs' does not exist on type '{ attrs: Data; slots: Readonly<InternalSlots>; emit: (event: "register" | "on-select", ...args: any[]) => void; expose: <Exposed extends Record<string, any> = Record<string, any>>(exposed?: Exposed | undefined) => void; }'.
src/views/system/tenant/pack/PackPermissionDrawer.vue(192,39): error TS2339: Property 'getCheckedKeys' does not exist on type 'never'.
src/views/system/ugroup/components/GroupUserTable.vue(3,44): error TS2322: Type '{ type: string; columnWidth: number; selectedRowKeys: Ref<(string | number)[], (string | number)[]>; onChange: (selectedRowKeys: (string | number)[], selectionRows: any) => void; }' is not assignable to type 'TableRowSelection<any>'.
  Types of property 'type' are incompatible.
    Type 'string' is not assignable to type 'RowSelectionType | undefined'.
src/views/system/ugroup/components/SysUgroupModal.vue(54,16): error TS2339: Property 'errorFields' does not exist on type 'unknown'.
src/views/system/ugroup/components/SysUgroupModal.vue(58,64): error TS2353: Object literal may only specify known properties, and 'block' does not exist in type 'ScrollOptions'.
src/views/system/user/UserRecycleBinModal.vue(3,44): error TS2322: Type '{ type: string; columnWidth: number; selectedRowKeys: Ref<(string | number)[], (string | number)[]>; onChange: (selectedRowKeys: (string | number)[]) => void; }' is not assignable to type 'TableRowSelection<any>'.
  Types of property 'type' are incompatible.
    Type 'string' is not assignable to type 'RowSelectionType | undefined'.
src/views/system/usersetting/BaseSetting.vue(6,12): error TS2322: Type '(params: UploadFileParams, onUploadProgress: (progressEvent: ProgressEvent<EventTarget>) => void) => Promise<any>' is not assignable to type '({ file: Blob, name: string }: { file: any; name: any; }) => Promise<void>'.
  Target signature provides too few arguments. Expected 2 or more, but got 1.
src/views/system/usersetting/commponents/UserCancellationModal.vue(14,83): error TS2322: Type '() => Promise<unknown>' is not assignable to type '() => Promise<boolean>'.
  Type 'Promise<unknown>' is not assignable to type 'Promise<boolean>'.
    Type 'unknown' is not assignable to type 'boolean'.
src/views/system/usersetting/commponents/UserPasswordModal.vue(11,83): error TS2322: Type '() => Promise<unknown>' is not assignable to type '() => Promise<boolean>'.
  Type 'Promise<unknown>' is not assignable to type 'Promise<boolean>'.
    Type 'unknown' is not assignable to type 'boolean'.
src/views/system/usersetting/commponents/UserPhoneModal.vue(15,26): error TS2322: Type '() => Promise<unknown>' is not assignable to type '() => Promise<boolean>'.
  Type 'Promise<unknown>' is not assignable to type 'Promise<boolean>'.
    Type 'unknown' is not assignable to type 'boolean'.
src/views/system/usersetting/commponents/UserPhoneModal.vue(33,26): error TS2322: Type '() => Promise<unknown>' is not assignable to type '() => Promise<boolean>'.
  Type 'Promise<unknown>' is not assignable to type 'Promise<boolean>'.
    Type 'unknown' is not assignable to type 'boolean'.
src/views/system/usersetting/commponents/UserPhoneModal.vue(48,93): error TS2322: Type '() => Promise<unknown>' is not assignable to type '() => Promise<boolean>'.
  Type 'Promise<unknown>' is not assignable to type 'Promise<boolean>'.
    Type 'unknown' is not assignable to type 'boolean'.
src/views/system/usersetting/TenantSetting.vue(221,33): error TS2339: Property 'workNo' does not exist on type 'UserInfo'.
src/views/system/usersetting/TenantSetting.vue(222,37): error TS2551: Property 'orgCodeTxt' does not exist on type 'UserInfo'. Did you mean 'orgCode'?
src/views/system/usersetting/TenantSetting.vue(223,35): error TS2339: Property 'postText' does not exist on type 'UserInfo'.
tests/eagle-eye/mocks/handlers/warehouse.ts(41,56): error TS2339: Property 'code' does not exist on type '{}'.
tests/eagle-eye/mocks/handlers/warehouse.ts(44,16): error TS2345: Argument of type '{ createBy: string; createTime: string; id: string; }' is not assignable to parameter of type 'WarehouseRecord'.
  Type '{ createBy: string; createTime: string; id: string; }' is missing the following properties from type 'WarehouseRecord': code, name, status
tests/eagle-eye/mocks/handlers/warehouse.ts(51,47): error TS2339: Property 'id' does not exist on type '{}'.
